CustomerID,FirstName,LastName,Email,PhoneNumber,JoinDate,City
1,Sarah,Hansen,thomasdavid@rios.biz,001-790-457-4811,2023-07-04,Bennettton
2,Deborah,Wu,higginslaurie@hansen.net,001-428-412-8921x2971,2024-12-05,Smithhaven
3,Samuel,Thomas,thompsonkaren@gay.com,001-834-650-5143x372,2022-10-18,West Christopherside
4,Kevin,Strickland,butlerteresa@hernandez.org,(997)414-9362x203,2022-06-04,Lake Kimberlymouth
5,Sara,Thomas,shannonadams@hotmail.com,001-571-002-7240x5765,2024-10-16,Karenton
6,Joseph,Garcia,james26@hotmail.com,001-171-404-7319,2023-05-07,Heidiville
7,Bradley,Holder,rjohnson@hotmail.com,073.575.6208x30946,2022-11-05,New Joyceview
8,Jason,Lyons,lawrencedarrell@gmail.com,001-841-197-3678x153,2023-04-05,North Gregory
9,James,Morrison,ldavis@hotmail.com,415-477-8886,2024-05-05,North Thomas
10,Kayla,Edwards,smiller@hotmail.com,(276)986-0861x9688,2023-04-18,Hamiltonbury
11,Jessica,Pratt,cwalters@savage-martin.com,199.157.7074x892,2022-10-11,Michaelfort
12,Danielle,May,marc47@yahoo.com,+1-108-453-0615x262,2022-03-01,Brianmouth
13,Brittany,Adams,jennifermurphy@coleman-arellano.com,(295)453-0911,2024-09-04,East Craigborough
14,Evelyn,Moyer,aimee60@gmail.com,120.346.8146x65661,2022-06-15,East Brian
15,Emily,Deleon,danabates@yahoo.com,170.830.4935x059,2022-11-06,Stephanieside
16,Nancy,Collins,silvamatthew@villanueva.com,(299)539-4600x0620,2023-05-21,Burkefurt
17,Mark,Santiago,victoriajohnson@garcia-quinn.org,348-046-4337x46689,2024-08-14,Casefurt
18,Adam,Graham,pthornton@taylor.info,587.106.6371,2024-01-11,Josephfurt
19,Roger,Cameron,vmatthews@boyd.org,(432)179-0726,2022-09-19,Seanside
20,Jermaine,Mills,twallace@washington.biz,119.643.2698x95778,2024-08-11,New Justinchester
21,Mary,Simpson,thomasmichele@hotmail.com,+1-214-470-4838x965,2023-12-18,New Nathanielport
22,Trevor,Bender,christopherrose@gmail.com,575.397.1719,2022-01-22,Port Patrickfort
23,Julie,Simmons,turnerlisa@preston.biz,001-033-224-8386x0812,2022-02-07,Ambershire
24,Michael,Velez,baileyscott@gutierrez-nguyen.com,001-591-272-0272x87516,2023-12-25,Sharonland
25,William,Mason,smithlauren@deleon.com,5336816456,2022-10-21,Smithbury
26,Tiffany,Lawrence,adamscolin@dennis-richardson.com,001-096-918-1535x63928,2022-02-24,Robertside
27,Jamie,Moses,fisherpaige@hotmail.com,(711)711-9702,2023-05-25,Angelashire
28,Jose,Gomez,zparsons@yahoo.com,367.474.9374x52773,2024-09-26,Charlesborough
29,Preston,Perry,johnsoncaitlin@singh-bell.com,+1-621-941-3767x034,2023-01-06,Lake Kimberly
30,Scott,Montgomery,christophermooney@lewis-morse.biz,(205)850-9679x88317,2024-05-16,North Kevinside
31,Shannon,Cohen,robert88@yahoo.com,(657)095-7551x38936,2022-04-02,Nicholaston
32,Crystal,Welch,mullinsmartha@gmail.com,001-653-495-9819,2022-06-30,East Aaron
33,Dana,Rivera,jeansims@stevens.org,001-935-416-2313x375,2022-07-12,Kellyburgh
34,Cody,Garcia,ejackson@thomas.com,(841)971-3932,2022-01-17,South Dawnburgh
35,Paul,Pruitt,tina24@king.net,645-115-8976x062,2022-05-23,Michealborough
36,Lindsay,Patrick,kelly10@miller.com,840-749-4839,2024-07-11,East Morganfort
37,Leah,Luna,dana36@hotmail.com,+1-821-022-4252x16326,2022-05-03,Phillipsfurt
38,Alison,Rivas,travisadams@rivera-chandler.org,(411)605-6420x552,2022-05-07,North Michael
39,Amy,Adams,loretta37@yahoo.com,001-352-801-2961,2023-07-30,East Markshire
40,Javier,Wright,melissaherring@sanders.org,435-069-2815x473,2024-10-28,Nguyenport
41,Mary,Wright,dhernandez@hotmail.com,(021)344-2539x419,2022-02-05,Hunterside
42,Karen,Calderon,alejandro20@hotmail.com,+1-868-080-3061x575,2022-07-18,Barryville
43,Gary,Harris,carolinewhite@roberts.com,(767)196-9848,2023-11-08,Estradaport
44,Linda,Williams,ogriffin@gmail.com,(197)669-7654x11053,2024-03-28,Lake Richardland
45,Katherine,Bauer,preed@shelton.biz,(814)292-7108x7738,2024-10-14,Port John
46,Cassandra,Sherman,alexanderjenny@whitehead.com,001-317-045-1164x48058,2022-02-28,Thompsonview
47,Clayton,Marsh,nicholasjackson@willis-walker.com,2637579275,2022-11-04,Yangchester
48,Kimberly,Robinson,chouston@ramirez-nelson.com,+1-974-414-4039,2024-06-27,Amystad
49,Cassandra,Rodriguez,oroberts@hotmail.com,+1-045-718-0584x322,2023-08-01,Michaelville
50,Hannah,Ibarra,laurenyates@jenkins.com,(841)157-1743,2024-03-08,Murrayborough
51,Christopher,Gregory,kimberlyharris@white.info,773-777-3927x520,2024-06-02,West Andreaburgh
52,Ronald,Murphy,kathylee@gmail.com,001-186-241-9628x79647,2022-07-02,East Mauricebury
53,Robert,Lopez,kimberly19@rodriguez.com,+1-442-461-4503,2023-11-18,East Jon
54,Amanda,Mayo,osbornecaitlin@woodard.biz,501.402.5424x791,2024-05-01,East Shannonmouth
55,Deborah,Fox,ilewis@yahoo.com,883-076-9761,2022-01-27,Alexandertown
56,Deborah,Foster,morgan94@reynolds.com,033-202-2586x150,2023-04-14,East Teresa
57,Daniel,Mendoza,hweber@yahoo.com,+1-205-196-3684x01653,2023-02-21,Stewartchester
58,Christopher,Vaughn,wsoto@wilson.org,(137)916-5112x7699,2024-09-08,Lisaburgh
59,Mandy,Nelson,pdavis@hotmail.com,874.697.7179,2023-07-26,Kellyfurt
60,Raymond,Cannon,wmitchell@yahoo.com,318.812.7315,2023-07-12,West Michaelmouth
61,Terri,Johnson,msingh@garza-lewis.com,+1-135-144-9646x20999,2022-04-07,Tannerport
62,Todd,French,dale00@watts-pacheco.com,7693921077,2022-05-23,Jonesland
63,Kyle,Castillo,brenda45@gmail.com,(811)167-0717,2023-02-10,Port Reneeville
64,Hannah,Morse,jennifer12@yahoo.com,001-676-915-2286x42918,2022-05-10,West Edwintown
65,Jose,Foster,archerlaura@schultz-dixon.net,9141549548,2024-02-03,South Courtneyberg
66,Stephanie,Schultz,jared48@gmail.com,(771)443-6149x90590,2022-11-14,East Davidfurt
67,David,Ramirez,richardsonwhitney@hotmail.com,532-562-5957,2022-07-19,Michelleton
68,Sean,Stone,anna22@jones.com,001-728-897-5251x6383,2023-12-08,Hernandezview
69,Lisa,Delacruz,smithjennifer@mcbride.net,+1-387-635-4794x85653,2023-09-23,South Normaborough
70,James,Knight,jennywebster@huynh.com,001-831-214-5515x60495,2022-10-05,Johnsonbury
71,Kevin,Eaton,thomasrichards@hotmail.com,+1-075-628-3784x26638,2023-06-24,New Arthurfort
72,Paul,Brown,rogersleslie@may.com,9594590269,2022-04-16,South Juliefort
73,Andrew,Williams,cindy99@house-franklin.com,001-757-891-3584,2024-06-06,East Kylie
74,Michael,Raymond,walterselizabeth@allen.net,566.196.4087,2022-01-03,New Kevinstad
75,Theresa,Nichols,pwilson@kelly.com,001-715-516-4571,2024-10-16,Travischester
76,Gina,Smith,heatherpatrick@raymond-thomas.com,6459841260,2022-07-27,Brownville
77,Nathan,Hubbard,gwalls@martinez.info,(120)538-3548x794,2023-07-15,Wrightchester
78,Lisa,Armstrong,qyang@yahoo.com,9175873701,2024-06-11,South Cheryl
79,Victoria,Castillo,kaitlin77@jones.com,687.643.0272,2022-08-02,South Tara
80,James,Meyer,david80@gmail.com,001-276-759-0429x353,2023-07-05,Shannonside
81,Lauren,Montgomery,simmonsgabriel@gilbert.com,(223)278-1480,2023-12-25,Anthonyfurt
82,Angela,Reed,qreynolds@thompson-thomas.org,346-040-4579,2022-12-11,Lynnchester
83,Jose,Evans,jamesmoore@gmail.com,918-066-6908x72537,2024-01-03,Richardsonbury
84,Kristin,Cole,calebbennett@yahoo.com,169.278.8130,2024-04-16,Morrisfurt
85,Jessica,Young,markvincent@carter.com,227-733-4339,2022-09-26,East Caitlinborough
86,Patrick,Dyer,theodoregraves@yahoo.com,001-570-556-6523,2023-07-13,Olsonborough
87,Keith,Williams,michael14@parker-wagner.net,6057174648,2024-01-04,East Connieview
88,Frank,Williams,andrewhansen@hotmail.com,+1-816-935-9771x718,2023-05-06,Anthonyville
89,Wesley,Davis,jessicagibson@yahoo.com,+1-233-714-5657x996,2023-03-01,Raymondborough
90,Ann,Collins,fsmith@park.com,017-767-3053x85022,2023-09-19,North Richardfurt
91,Tracy,Williams,michaellang@hotmail.com,9578032755,2023-08-30,West Valeriehaven
92,Rebecca,Li,smithshawna@shepard.com,(125)579-6678x51552,2022-02-20,Mcguireville
93,Heidi,Johnson,rileybrandon@taylor.com,678.994.1555x435,2024-03-27,Nelsonberg
94,Jennifer,Moses,aaron64@brooks-pugh.net,818.248.5338x75991,2024-09-25,South Ernest
95,Maureen,Kim,priceerin@hodges.com,(699)051-7749x976,2024-01-13,Osbornville
96,April,Yang,chunter@gmail.com,6329764445,2023-05-09,Thomastown
97,Taylor,Krueger,jsexton@yahoo.com,(524)264-6268,2023-08-25,Vasquezfort
98,Jessica,Campbell,martinlonnie@brown.com,+1-159-010-5475x503,2022-12-02,Kennethburgh
99,Rachel,Simmons,glendamaldonado@hotmail.com,001-464-690-4436x398,2022-05-20,Marktown
100,Tracy,Guzman,smithsteven@garner.biz,+1-405-489-9607x92150,2024-05-08,Lindsaytown
101,Shannon,Reyes,rachel88@ward.com,001-964-279-7731,2022-07-08,North Donaldfurt
102,Sherry,Sanders,sjimenez@phillips-dunn.com,+1-826-295-5068x61337,2024-10-01,Nicholasfurt
103,Dennis,Stewart,jeffrey43@yahoo.com,0346406149,2022-03-26,North Ashleyburgh
104,Ann,Klein,scott82@alexander.info,001-313-080-6389x7193,2022-06-18,Edwardsmouth
105,Sean,Sanders,thomasbrenda@gmail.com,(904)467-1418x49651,2024-01-10,Jonathanshire
106,Stephanie,Lopez,csantos@hotmail.com,(140)908-8388x287,2022-08-31,Robinborough
107,Darrell,Gordon,joan66@pollard-dudley.org,5111231791,2022-02-11,West Kyliehaven
108,Mark,Evans,dana13@wagner.com,001-714-939-0643x6216,2024-08-29,South Evanfort
109,Larry,Fisher,gallen@beck-cooke.org,005-658-7759,2023-04-16,Millerburgh
110,Kimberly,Anderson,whitejoshua@yahoo.com,(142)127-2559x864,2023-01-24,West Yvonnechester
111,Jeremy,Anderson,bakerjames@harris.com,994.990.1569,2024-07-10,Nicolasbury
112,Shelby,Huff,theresasmith@hotmail.com,001-399-491-3296x934,2022-08-14,Michaelborough
113,Peter,Green,ashleyshaffer@yahoo.com,241-819-0719x220,2023-04-27,Danielshire
114,Judith,Clark,nathan40@gmail.com,230.982.5622x19234,2022-11-26,Port Emilytown
115,Dawn,Petersen,allisongarcia@gmail.com,(803)686-2222x5649,2023-03-16,Port Shirley
116,Maria,Johnson,roberta16@clark-ellison.com,+1-121-309-6719x360,2024-06-08,Jonathanmouth
117,Julie,Holmes,colemanmark@swanson.org,8382454908,2022-06-06,West Lindsay
118,Joseph,Bates,russellsingh@gmail.com,320-264-7842x207,2022-12-23,New Richard
119,Gary,Foster,lucas47@barnes.com,+1-839-484-9972x020,2022-04-07,West Derrickbury
120,Marc,Carlson,nwilson@yahoo.com,685-929-2381x8967,2022-06-29,Morganborough
121,Tammy,Rogers,cameron87@clark-davis.com,001-844-252-7894x7163,2024-11-30,South Alexisbury
122,Brandon,Underwood,kellycole@perez.com,(656)377-7176x0173,2024-03-07,Williamhaven
123,Lauren,Schaefer,burkeelizabeth@gmail.com,001-506-648-2875x656,2024-08-01,Stephensfort
124,Shawna,Barrera,colleen74@jones-gonzalez.net,+1-814-912-8641,2024-10-20,Tannerside
125,Wendy,Melendez,david62@hotmail.com,+1-591-104-2159x838,2024-09-20,Kellymouth
126,Brittany,Nielsen,joshuawilson@saunders-sullivan.com,001-456-455-0061x090,2023-01-02,Hardyberg
127,Kathleen,Richardson,corey59@yahoo.com,001-331-006-2407x8142,2024-10-15,Elizabethbury
128,Travis,Berry,harrellkyle@green-ayala.net,(272)797-2036x1024,2022-08-23,Martinberg
129,Kathryn,Burton,jessicamccullough@gmail.com,(983)676-2941,2024-04-22,Jasonfurt
130,Michelle,Anderson,john33@baker-bailey.com,(253)208-8056,2022-06-03,Timothyburgh
131,Janice,Campos,teresa18@williams.org,+1-088-855-8655,2024-02-20,New Wendyshire
132,Robert,Jones,ofuentes@yahoo.com,(105)106-3769,2024-07-30,South Joseph
133,Kelly,Hill,jordantaylor@mcgee-figueroa.com,366.999.7490x31428,2022-01-11,East Christine
134,John,Stephenson,charles41@yahoo.com,001-204-132-1381,2022-10-27,Lake Aaronborough
135,William,Greer,hutchinsonadam@ramsey.com,(659)007-9001,2023-04-24,East Kevin
136,Joseph,Arnold,rebecca19@neal.com,693.994.3579x512,2022-03-07,Woodmouth
137,William,Thornton,cgriffin@dunlap.com,(014)652-6175,2024-07-24,Comptonfurt
138,Jeremy,Rivera,fhall@chavez-jackson.com,(387)943-8291,2022-08-15,North Craigfort
139,Amanda,Taylor,nicholas62@yahoo.com,001-193-621-4805x7588,2022-10-25,Margarettown
140,Dennis,Hansen,umcbride@mills.net,774.009.0328x1644,2022-06-24,Markfort
141,Darin,Obrien,lucaspowell@harrison.com,001-542-628-7993x240,2023-07-23,Banksville
142,Angela,Fowler,thomas36@gmail.com,(504)426-4181,2021-12-30,Richardside
143,Jessica,White,robert78@gmail.com,(966)526-8973,2023-11-01,Atkinsland
144,Shannon,Patel,jkent@myers.biz,001-009-244-3705x85271,2022-10-10,Lake Melaniefurt
145,Charles,Lee,arnoldroberto@yahoo.com,(572)707-8264,2022-11-16,North Kevinmouth
146,Lance,Torres,yklein@gmail.com,001-057-012-1571,2022-12-13,Clarkton
147,Frank,Schmidt,travis20@tucker.org,(715)286-9199,2022-12-29,West Juliafort
148,Caitlin,Hicks,caitlin07@yahoo.com,948.278.2052x12099,2022-11-17,East Jamesview
149,Mary,King,david16@hotmail.com,+1-837-205-2795x052,2023-01-26,Williamsberg
150,Angel,Hutchinson,jeremiahpreston@gomez-smith.info,(031)494-2534,2022-04-02,Youngton
151,Dana,Fry,caitlin03@yahoo.com,(923)573-7238x2069,2023-03-27,Port Ashleyborough
152,Rebekah,Williamson,williamrodriguez@ross.com,680.796.3710x1061,2023-06-14,New Bradfort
153,Gabrielle,Lyons,blakealicia@khan.com,303-969-8107x48335,2023-04-13,South Dustinfurt
154,Brian,Smith,smithdaniel@heath.com,153-848-4417x706,2022-04-19,New Virginialand
155,Brady,Shelton,fordbrandy@yahoo.com,(149)427-0818x65686,2024-04-29,Mendozaport
156,Kevin,Maxwell,qpena@yahoo.com,(028)731-2326x6441,2024-08-31,Daltontown
157,Dylan,Martin,collinsdana@roberts-joyce.com,109.289.3787x240,2022-09-10,Nicoleburgh
158,Amy,Harrison,ytorres@hotmail.com,781.732.6202,2023-03-11,Jessicaborough
159,Joseph,Andrews,chasejessica@hotmail.com,001-652-610-2978x9980,2024-09-04,North Kathleen
160,Justin,Gray,oneillmichael@gmail.com,324-000-4117x4191,2024-01-20,Lake Jenniferland
161,Bobby,Peterson,adrian64@hotmail.com,+1-911-682-5455x909,2022-07-23,Lake Austin
162,Richard,Reid,andrea26@cross.org,256.694.0105x03029,2024-03-12,Johnstonfurt
163,Michael,Miller,acostadaniel@harris.com,(624)553-8674x8198,2022-08-03,North Nancyfurt
164,Mark,Clark,william29@gmail.com,922.009.1113x0904,2022-09-23,Brianside
165,Charles,Flowers,wford@gmail.com,879-450-6579x3218,2022-02-03,Chavezmouth
166,Alexandra,Young,danakennedy@hawkins.com,669.594.6339,2023-12-28,West Allisonstad
167,Cristina,Carrillo,richard84@gmail.com,125-396-0679,2023-06-17,Brookeburgh
168,Jody,Fritz,taylordaniel@gmail.com,3673699008,2023-03-11,North Alisonberg
169,Nicholas,Kline,jacksonmatthew@gmail.com,555.222.6948x143,2022-11-30,Caseville
170,Kathy,Vega,williamsryan@kim.com,(973)062-8923x44953,2022-03-07,Thomashaven
171,Michelle,Brown,obenson@yahoo.com,589-785-6699x0963,2024-04-02,Jeremymouth
172,Andrew,Winters,lisa82@gmail.com,212-791-6464x586,2022-06-12,Amyland
173,Christopher,Kennedy,lewiszachary@moore.com,(384)453-7674,2022-11-20,Jennifermouth
174,Connie,Williams,tflores@hotmail.com,276.467.6869,2024-02-06,South Donnaland
175,Ana,Larson,kellydiana@gmail.com,830-056-7614,2023-02-14,Tinafort
176,Michelle,Henderson,tami35@yahoo.com,497.834.1542x1512,2024-05-02,Justinhaven
177,Travis,Hunt,timothy79@smith.com,554.427.1136x108,2023-04-26,South Kelly
178,Christopher,Smith,cjackson@ortiz-baker.org,001-780-520-8505,2022-12-14,Chelseaview
179,Bob,Davis,steven27@benjamin.biz,001-030-903-4824x35816,2023-09-29,Thomasshire
180,Aaron,Wallace,phillip86@yahoo.com,+1-585-836-2218x7857,2023-10-04,New Michealmouth
181,Joanne,Huff,xhernandez@yahoo.com,(925)924-4968x475,2023-10-07,Vanessamouth
182,Caitlin,Richardson,heatherbryant@hotmail.com,655-579-6258,2023-02-14,Ramirezview
183,Alexis,Torres,aglass@weber-hall.net,001-492-343-3337,2024-01-01,Waltermouth
184,Denise,Pearson,rmata@hotmail.com,637.993.9130x33384,2024-05-10,Alexandermouth
185,Margaret,Heath,cynthia81@gmail.com,5700293981,2023-03-05,Port Christopherfort
186,Rebecca,Nguyen,michael49@baxter.net,(545)006-1930x21777,2023-11-12,New Traci
187,Shannon,Hoover,murillomark@mitchell.biz,5637316350,2022-02-19,Port Charles
188,Rhonda,Wiggins,delgadostephanie@gregory.com,9120901745,2023-08-02,West Alexander
189,Joseph,Stevens,rodriguezkelly@yahoo.com,766-768-5572x7132,2024-11-07,West Phillipshire
190,Tiffany,Mccullough,thomas67@yahoo.com,001-025-564-6361x063,2022-02-26,Carpentermouth
191,Darlene,Carpenter,daniel70@hotmail.com,702-154-0922x25038,2023-10-02,Port Rachel
192,Christina,Bradford,amycochran@yahoo.com,830-077-4235x47289,2024-07-14,South Gloriafurt
193,Kristen,Huang,jose74@williams.com,(631)789-4085x5839,2023-07-05,West Lisa
194,Jennifer,Gutierrez,brandonmurillo@stevens.com,+1-919-379-3403x91452,2023-12-23,Smithbury
195,Brian,Jones,fernando79@mercado.com,1258871658,2024-06-14,Gillchester
196,Courtney,Gilbert,xwhite@marshall-burke.com,001-442-164-1231x3986,2022-01-28,Lake Nicole
197,William,Kelley,ireynolds@camacho.com,(737)666-7245,2022-11-10,South Alex
198,Adam,Khan,veronicashort@yahoo.com,001-412-246-7847x8692,2023-11-18,Duncanstad
199,Austin,Sampson,oscarwalsh@rodriguez.com,(301)696-4201x55311,2023-04-15,Muellerbury
200,Timothy,Goodwin,rthompson@green.org,143.643.9540x08748,2023-08-21,East Laurachester
201,Ashley,Johnson,wyattbradley@hotmail.com,+1-844-354-8364x09349,2024-10-22,East Debrastad
202,Chad,Yu,karenolson@yahoo.com,001-069-879-9510x3101,2022-10-10,New Tracieview
203,Anthony,Garcia,crodriguez@yahoo.com,(823)627-7005x62265,2024-08-16,Port Jamesport
204,Justin,Navarro,pjones@mclean.com,640-220-2339,2023-05-19,Stricklandville
205,Sheena,Harmon,parker38@henderson.com,574.989.8395x7429,2022-09-13,New Jasonview
206,Darrell,Lee,gregory23@cochran-mejia.info,(625)429-3949x26577,2023-07-06,West Chrisview
207,Brooke,Winters,kimberly87@vincent.com,(583)722-7133,2023-04-08,Johnhaven
208,Matthew,Jackson,jackterry@gmail.com,001-895-359-1322x38694,2024-06-13,South Katelyn
209,James,Crane,shirleyryan@johnson-whitaker.com,749.875.7777,2024-02-23,East Jillianside
210,Gregory,Porter,msmith@yahoo.com,676.058.1095x36955,2023-12-29,West Emily
211,Michelle,Dawson,teresawise@greer-simpson.com,9880812217,2023-04-07,Karenville
212,Janice,Perry,tbryant@vincent.com,(964)034-4931,2024-01-04,New Robert
213,Felicia,Jackson,wryan@gmail.com,+1-386-058-4918x6757,2023-04-17,Andersonland
214,Matthew,Huynh,ywilliams@yahoo.com,118.793.4200x0475,2022-05-24,Lake Edward
215,Kelly,Peters,cmurray@yahoo.com,001-873-149-3256x229,2022-03-31,Kellystad
216,Brent,Beltran,ealvarez@hall.info,2681257829,2022-11-09,Brownview
217,Alexander,Lawson,amanda48@page.biz,001-199-307-8104,2022-03-26,East Ginamouth
218,George,Luna,jasonvalentine@yahoo.com,(316)947-6796,2022-04-22,South Kevinchester
219,David,Wise,marquezjenna@ryan.net,(667)035-3862x3681,2024-02-10,West Bettyborough
220,Steven,May,kleblanc@hurst.info,+1-741-063-7344x73171,2022-12-27,Dorseyshire
221,Christopher,Holmes,elizabethbyrd@raymond.org,624.453.5284x3443,2024-12-02,South Robertberg
222,Cheryl,Lawson,sean25@hensley.com,+1-059-682-4949x9661,2022-01-23,Williambury
223,Rebecca,Jordan,teresahuynh@hotmail.com,398-383-4436x0663,2022-12-11,South Christopher
224,Kimberly,Scott,john31@yahoo.com,001-894-334-3921,2023-11-26,New Michael
225,Gerald,Taylor,timothydunlap@bennett-foster.com,(847)425-4404x330,2023-09-16,Medinaport
226,Jonathan,Garrett,kristin38@yahoo.com,(856)485-8080,2022-12-24,East Geoffreytown
227,Michelle,Warren,wrocha@powell.com,+1-088-960-9824x78799,2024-02-01,Rodneyview
228,Greg,Lee,teresavelasquez@knapp-cain.com,001-443-855-3723x651,2022-05-13,East Holly
229,Michael,Mccullough,jonathannicholson@hess-miller.net,+1-038-879-2919x268,2023-08-18,Michaelhaven
230,Sara,Ho,jennifergilmore@white.com,177-501-4862x313,2024-02-28,East Kyle
231,Steven,Graves,fcarson@hotmail.com,371-513-5971x2077,2022-06-09,New Ericaborough
232,Zachary,Underwood,brooke41@hotmail.com,220.416.0423,2023-01-02,South Juanburgh
233,Mark,Howard,cooperjames@hotmail.com,+1-377-716-7480x5308,2021-12-29,Port Joshua
234,Linda,Ingram,juan46@yahoo.com,+1-752-584-8477x07184,2024-04-05,Smithtown
235,Lisa,Hart,wlee@yahoo.com,(045)244-4245x18972,2023-07-19,New Nathanfurt
236,Jason,Jones,hallmegan@watkins.com,168.757.4610x6346,2023-12-18,Taylorville
237,William,French,adam35@hotmail.com,(191)218-7819,2022-03-18,Woodshire
238,Reginald,Martinez,amber87@hotmail.com,(225)684-2450,2023-07-30,East John
239,Heather,Wiley,jenningsjames@yahoo.com,(526)603-2582x9464,2024-05-26,Lake Charlesborough
240,Michael,Shannon,hallalexander@mahoney.info,946.957.8341x783,2022-11-29,Port Katieborough
241,Jeffrey,Munoz,melissa76@yahoo.com,570.528.9910x07302,2024-01-12,New Coreychester
242,Michelle,Melton,sanchezwilliam@dunlap.com,+1-094-296-0341x89338,2023-07-08,Lake Devinstad
243,Dylan,Campbell,jeffery51@hotmail.com,870-649-4347,2024-01-14,Edwardmouth
244,Alejandro,Williams,bakerjohnny@taylor-johnson.com,001-611-685-4632x7996,2023-08-27,Williambury
245,Derrick,Stewart,ghuynh@gmail.com,760-169-3401,2023-06-01,South Caleb
246,Chelsey,Choi,hahngreg@yahoo.com,733.060.1336,2022-12-02,East Aprilside
247,April,Sherman,adam11@wilson.info,671.146.2502x0874,2023-08-10,Jamiestad
248,Whitney,Benson,richardfields@yahoo.com,721-882-1995,2023-06-09,Monicaborough
249,Christina,Nelson,rhonda53@williams.com,001-796-238-0667x7594,2022-11-12,East Lucas
250,Melissa,Brown,gmartinez@burnett.com,413.306.9687x86805,2022-11-03,Kristenshire
251,Steve,Mitchell,braychristine@salinas.biz,871.272.7123,2022-03-05,Smithside
252,Erik,Sellers,lhurst@kennedy.com,257-331-3786,2022-09-16,Lake Amber
253,Robert,Martinez,nspence@flores.info,479-795-2520,2022-08-12,Ibarratown
254,Joseph,Ingram,qtownsend@gmail.com,(783)349-6005x6544,2024-03-23,West Natalieborough
255,Bryan,Wilson,bjenkins@king.com,(496)484-4010x9825,2023-12-14,Cooperchester
256,Jessica,Edwards,williamsmith@yahoo.com,(590)278-7674x115,2023-10-25,South Ginaborough
257,James,Singh,lisa05@gmail.com,+1-527-981-3016,2022-12-31,North Cassandrafurt
258,Michael,Boyer,nicoleclark@gmail.com,001-497-532-2653x79694,2024-11-06,Yvetteview
259,Matthew,Weber,fanderson@yahoo.com,0919857329,2021-12-20,Woodton
260,Betty,Castro,andrew11@brown-hawkins.com,(197)744-6586x87493,2023-10-13,Hodgeschester
261,Melissa,Harris,bryan51@simon.com,(506)202-6726x548,2023-05-31,Lake Johnburgh
262,Shane,Bentley,holtamy@phillips.com,+1-924-565-4841x10899,2024-04-20,Josefort
263,Bonnie,Blair,leah75@yahoo.com,133-737-6048x182,2022-05-01,Lake Amanda
264,Kenneth,Clayton,ghenderson@bennett.com,(764)006-1550,2024-11-29,New Tonyaview
265,Michelle,Gross,johnsonmark@baker.com,4496266046,2022-07-27,Lake Markland
266,Edward,Kelly,nielsenmelanie@hotmail.com,(185)348-9506x082,2023-07-15,Angelaport
267,Gerald,Miller,lisadunn@richardson-bird.info,+1-653-803-2120x433,2024-06-04,Williamshaven
268,Barbara,Oconnell,lsolomon@smith.com,204.929.0953x44455,2022-01-01,New Candice
269,Brittany,Powell,carterann@gmail.com,4130734857,2022-05-04,South Kevinport
270,Anthony,Porter,ortizpriscilla@ruiz.com,677-456-4755,2022-11-01,North Travis
271,Ray,Butler,kimjulia@gallegos-evans.com,(374)352-9510x601,2024-10-24,Taylorland
272,George,Novak,awilson@leonard.info,2256140140,2023-11-10,Katherinebury
273,Joan,Meyer,brian92@yahoo.com,881.370.4721x946,2024-02-09,Brendashire
274,Brittany,Graves,deniseparker@miranda.org,(250)397-3156,2022-05-01,West Dan
275,Tiffany,Davis,uguerrero@yahoo.com,+1-115-053-5666x80267,2023-04-19,Kathyberg
276,Ashley,Smith,norrisalicia@gmail.com,(058)644-0066,2023-12-03,East Bethany
277,Sarah,Williams,ashley58@long.com,7980864547,2023-11-01,Lawrenceton
278,Jason,Zamora,rgarcia@yahoo.com,(563)478-6532x4042,2022-02-28,Port Amyburgh
279,Wendy,Johnson,myersrobert@byrd-gay.com,802.329.8282x5393,2024-01-13,New David
280,Willie,Castro,joshua52@glass.biz,(218)973-4942x853,2024-07-10,New Sheilachester
281,Kristine,Beard,joshua89@yahoo.com,747-135-0720x678,2022-12-04,New Mary
282,Melissa,Perez,morristammy@wilson-cox.info,(246)747-0822,2024-10-05,Hughesport
283,Arthur,Walker,carla59@lee.net,048.853.4547x00232,2022-12-27,West Ricky
284,Claire,Potts,whitejacqueline@gmail.com,(216)628-1965,2024-02-29,Lake Jasminetown
285,Marc,Martinez,pamelamorales@hotmail.com,+1-637-774-9141,2022-09-21,West Scottside
286,Annette,Chandler,arnoldkaren@gmail.com,512.658.4134,2022-05-28,Ryanstad
287,Steven,Henderson,dariusfox@hall-cook.biz,001-103-656-9363x484,2022-06-15,West Paul
288,Eric,Gutierrez,markblack@hotmail.com,001-875-001-7861x68797,2024-04-26,Nunezland
289,Christine,Jordan,jorge15@gmail.com,488-432-7725x052,2024-08-14,Port Michael
290,Michael,Yang,wblackburn@hotmail.com,652.421.4759,2023-06-30,Wileychester
291,Steven,Johnson,jonespamela@gmail.com,(390)307-5580x70187,2024-10-17,Mcmillanburgh
292,Steven,Bailey,qbecker@hotmail.com,(205)794-5704x055,2024-12-17,East Coreyside
293,David,Davis,middletonbrian@hotmail.com,038-138-2990x843,2022-09-05,Wilsonport
294,Helen,Mcneil,laurie98@hotmail.com,1144810734,2024-09-30,Kristytown
295,Joshua,Peters,stephanie07@hotmail.com,922-543-6568,2024-08-22,New Justin
296,Matthew,Contreras,brownbruce@yahoo.com,+1-080-911-5624x019,2023-11-08,Lake Matthewmouth
297,Megan,Martin,jessicaweeks@hotmail.com,(360)715-2099x82488,2022-07-04,North Patrick
298,Lisa,Rodriguez,keithkaiser@hotmail.com,(199)841-6171x88902,2024-04-21,Erikton
299,Rebecca,Warner,gclark@moore.net,+1-310-828-2975x59525,2021-12-19,Port Donna
300,Robin,Barry,morgan81@yahoo.com,934-417-0950,2022-11-14,Josephhaven
301,Veronica,Thompson,robinsonmiguel@hotmail.com,3567051770,2024-08-25,South Bradley
302,Michelle,Gonzales,jacob91@williams.com,(815)547-6426x38678,2024-05-19,South Paulmouth
303,Julia,Kelly,courtneywiley@gmail.com,845.559.6238x16208,2023-09-14,North Robertomouth
304,Kimberly,Miller,ericahernandez@gmail.com,452.075.2012x497,2024-01-22,Port Charlesside
305,Shawn,Paul,curtispeters@graham.com,494.354.6434x40081,2022-08-24,Port Rebecca
306,Ashley,Owens,hobbslauren@hart-trujillo.info,290.329.4704,2024-04-09,East Justinbury
307,Jennifer,Contreras,moorekathleen@yahoo.com,001-810-267-3676x599,2022-02-05,Emilyborough
308,Gina,Gilmore,josecampbell@peters-castro.com,369-278-5640,2022-07-03,North Kayla
309,Kimberly,Brooks,randy01@ritter.info,(072)890-6450x0947,2023-05-02,Jonesstad
310,Tammy,Lopez,cflores@gmail.com,001-521-033-6219x7782,2024-04-03,West Aliciaborough
311,Jon,Montgomery,jeffrey13@hotmail.com,953.620.7381x5253,2024-07-01,Brandibury
312,Scott,Brown,omathis@gonzalez.com,(211)657-8709x749,2023-03-08,Port Jason
313,Mia,Gonzalez,hannahlutz@hotmail.com,458.124.9800x305,2022-03-06,New Christopherbury
314,Travis,Hawkins,fbrown@hotmail.com,067.031.3721x03141,2024-05-08,North Karenmouth
315,Carolyn,Lamb,kathleenchambers@mcdaniel.com,001-700-581-4003,2024-11-06,Port Kimberly
316,Brandy,Wood,spencerbarnes@gmail.com,0548077215,2022-01-20,Solisburgh
317,Steven,Chambers,whiteerica@garcia.net,(631)932-7755x96661,2023-08-19,Port Lindseyborough
318,Michael,Porter,gdavis@hotmail.com,689-504-6695x5676,2024-11-25,Charlesstad
319,Dominique,Sanders,vwelch@gmail.com,166.226.3371x220,2024-06-28,East Joshua
320,Jessica,Gonzales,nburns@adams.com,9885427919,2023-06-27,Lisabury
321,John,Bryant,nunezdaniel@gmail.com,542-635-3769,2022-05-08,Lake Andrew
322,Cody,Yu,butlerrichard@gmail.com,001-409-566-8137,2023-07-08,Traciehaven
323,Ashley,Romero,juan92@gmail.com,834-006-0887,2023-08-06,Thomashaven
324,John,Wong,hickmanandrew@yahoo.com,229.947.9807,2024-02-10,North Jonathan
325,Julie,Thompson,xlogan@gmail.com,734-565-7674x9983,2021-12-23,Zavalamouth
326,Joseph,Smith,brittany62@king.info,444-712-7377,2022-08-27,Caroltown
327,Daniel,Hall,frichmond@hotmail.com,221.326.3684x2131,2022-05-27,Carrtown
328,Tiffany,Perkins,hughesamy@hall.com,543.428.7814x19682,2023-03-13,Aaronton
329,Michael,Ritter,andrea20@hotmail.com,8184950849,2024-11-19,Stephensonton
330,Lisa,Rangel,michaelbeck@meyer-dawson.com,(508)789-6627x4020,2024-01-06,Wilsonburgh
331,Rebecca,Cox,yrivera@white.com,544-130-0157,2023-02-23,West Dominichaven
332,Elizabeth,Alvarado,williamsdavid@yahoo.com,302.381.5530x73394,2023-04-22,Douglaschester
333,Scott,Larsen,kylewilliams@yahoo.com,725-016-4173x1294,2024-10-13,Beckerfort
334,Travis,Jenkins,craigmiller@hotmail.com,6246417583,2022-04-17,Port Brandonton
335,Katie,Williams,darrenthompson@cameron.com,305-576-3919,2023-05-30,North Savannahside
336,Valerie,Gross,wilsonnatalie@mathews.net,178.296.9071x18603,2023-02-09,Smithmouth
337,Barbara,Cox,karacrane@santiago.com,001-807-009-9351x3078,2024-05-03,Danielsborough
338,Mercedes,Juarez,bbrown@hotmail.com,+1-679-394-8865x2581,2022-10-21,South Frank
339,Robert,Carlson,xchan@yahoo.com,(467)799-9910x176,2022-11-20,Dudleystad
340,Megan,Costa,laurie84@gmail.com,+1-029-954-1721x8107,2023-06-13,Lopezside
341,Mitchell,Woodward,qspencer@rodriguez.com,001-840-567-9551x932,2023-10-03,South Michaelside
342,James,Harris,stephanie96@bradley-brown.com,001-908-163-7795,2024-08-23,Ashleystad
343,Joseph,Hicks,travisrivera@stevens.info,282.400.4857,2024-03-01,Port Timothyfort
344,Christopher,Taylor,benjamingordon@gmail.com,001-798-787-3126x8904,2023-07-30,South Luke
345,Kristin,Gomez,lauren48@dudley.com,120-116-4284x189,2022-12-09,Jamesbury
346,Sean,Garza,jasmine83@savage.net,0859603887,2022-02-09,East Maryfurt
347,Natalie,Adams,john40@hotmail.com,+1-636-624-2409,2022-02-17,East Derrickview
348,Daniel,Mcgee,jennifer73@mendez-bates.biz,(343)339-6941x4196,2022-12-02,North Georgestad
349,Melanie,Avila,grahamelizabeth@norris.org,+1-255-754-1543x45189,2023-05-06,West Brandimouth
350,Cheyenne,Price,hensonjacqueline@hicks.biz,001-663-588-1020x2890,2023-10-15,Lake Patricia
351,Kathryn,Baker,melissaperry@yahoo.com,941.752.4477,2023-07-31,Mathisburgh
352,Rachel,Rhodes,yangalyssa@oliver.com,(207)802-3832x4845,2023-08-17,Suzanneburgh
353,Justin,Hayden,smithcindy@diaz.biz,729.144.5436,2022-05-29,West Michaelhaven
354,Christopher,Cox,henry93@miller.info,+1-686-927-6762x8429,2022-10-18,New Candice
355,Kelly,Cox,heather15@gmail.com,001-341-794-5244,2024-10-29,West Marystad
356,Susan,Young,haleyskinner@hotmail.com,175-442-0250,2024-08-12,New Angela
357,Jason,Garcia,kathrynhouston@hotmail.com,931.846.6881,2023-06-07,Amberville
358,Jason,Terry,mezarobert@yahoo.com,(203)707-4954x3176,2022-07-25,Lake Brandi
359,Michelle,Villegas,duncanrichard@gmail.com,257-438-2288,2022-12-16,South Stephaniehaven
360,Anna,Koch,rita77@hotmail.com,(987)598-8286x196,2024-03-25,New Neilhaven
361,Tammy,Smith,dmcmahon@hotmail.com,001-889-823-0434,2023-05-04,Kristenport
362,Glenn,Walker,alexander04@yahoo.com,001-067-521-5327x8268,2024-09-27,Nancychester
363,Patricia,Craig,cserrano@hotmail.com,027-030-9024,2022-03-18,Washingtonburgh
364,James,Navarro,carmenmorris@gmail.com,+1-420-095-2933x793,2023-01-17,Lake Cynthia
365,Dylan,Parsons,jamesbrady@hayden-holt.com,752.447.0900,2023-01-14,North Kristina
366,Brianna,Lewis,osanchez@jackson-haynes.com,445-202-6798x4566,2023-03-21,West Johnfort
367,Bruce,Alexander,sheilajones@yahoo.com,+1-043-432-1515x07896,2024-08-13,Markport
368,Roberta,Love,moranmichael@hotmail.com,+1-749-305-5368,2024-09-17,Annatown
369,Richard,Hahn,richardeaton@smith.com,873.170.5285x518,2024-07-16,Millerchester
370,Amy,Proctor,hcurtis@shannon.com,845-427-4211x99184,2024-06-29,East Kathleen
371,Kathy,Alvarez,davischarles@willis.info,870.092.3721x0866,2024-06-20,Jordanbury
372,Molly,Martin,hooperangela@smith-shepard.com,001-102-705-2489,2022-10-17,Thomasmouth
373,Lisa,Price,sandersjohn@gmail.com,426-573-1029,2023-11-18,North Davidberg
374,Jessica,Cain,mcclainalan@hotmail.com,(050)970-8668x5614,2023-01-15,New Amber
375,Sharon,Herrera,asellers@wilcox.net,051.644.3271x0490,2023-04-19,Spencerview
376,Kayla,Bennett,cochranmary@graham.net,160.333.8308x2589,2022-11-25,Blakeport
377,Kylie,Copeland,vgarcia@hotmail.com,117.940.7668,2024-08-20,Donaldmouth
378,Steven,Fisher,richardsoncrystal@gmail.com,+1-915-715-3399,2021-12-22,Patrickview
379,Sara,Wang,piercemark@marks-sanchez.com,(303)502-7192x9319,2024-11-13,Stephenbury
380,Richard,Mcguire,crystal47@hotmail.com,001-401-191-4854,2022-06-01,North David
381,Melissa,Gregory,bowmanrobert@garcia.com,(339)319-0615x7499,2022-08-26,Martinchester
382,Chase,Sheppard,xperez@hotmail.com,(849)268-4938x5665,2022-02-04,Amystad
383,Daniel,Baker,hholland@johnson.org,+1-271-252-0621x65622,2022-04-10,Port Sydney
384,Cynthia,Chung,greenjoshua@miranda.com,695.298.2545x8851,2024-09-04,Cherylside
385,Chad,Pham,coxpamela@jones.org,+1-068-727-6969,2022-07-14,Lake Pamela
386,Daniel,Norris,veronicacoleman@hotmail.com,475-319-9636x194,2022-06-26,Bridgetfurt
387,David,Garcia,susanwright@thompson.com,001-423-771-0082x15979,2024-09-24,Jenniferbury
388,Tim,Gilbert,ywebb@bates.com,(971)916-9042x41215,2024-02-02,Taylorport
389,Tyler,Cole,bakerkelsey@clark.info,054-140-6458x140,2022-10-02,East Brentland
390,Rachel,Allen,jessica54@adams-logan.com,469.071.3530x6455,2022-10-23,South Rebeccaland
391,Crystal,Dyer,lroberts@ortiz.org,271.748.6785x3273,2023-03-14,Brianhaven
392,Karen,Chandler,ashleybartlett@hotmail.com,(917)698-2883x74836,2023-05-19,Ortegachester
393,Manuel,Martinez,derek99@wilson.net,001-455-674-7361x0247,2022-12-09,South Michaelbury
394,Jennifer,Mccarthy,lauriejohnson@johnson.com,001-710-369-2025x92697,2024-10-30,North Jordan
395,Melissa,Soto,sonyahawkins@gmail.com,062.190.6114x99388,2022-12-13,Lake Edwardstad
396,William,Coleman,mchapman@gmail.com,(336)444-2736,2024-08-21,North Shannonfurt
397,Megan,Hess,zchang@sanders.com,3730430721,2024-07-26,Amandaborough
398,Crystal,White,ffisher@yahoo.com,910-948-8717x76417,2024-05-28,New Haroldshire
399,Ryan,Carter,mary70@caldwell.org,001-531-561-9525x560,2024-04-11,Lopezville
400,Troy,Ferrell,larsenmolly@obrien.net,619-852-7820x560,2024-05-15,West Richard
401,Sonya,Scott,phogan@skinner.com,(768)056-4099x7520,2023-08-13,Port Stephenborough
402,David,Turner,colekatrina@gmail.com,+1-609-160-6661x8109,2024-09-23,Lake Dawnfort
403,Sara,Thompson,smitherik@hotmail.com,293.321.0904x0166,2023-11-10,West Susan
404,Cody,Matthews,jamesarmstrong@jackson.info,6447325212,2023-05-26,Marcustown
405,Tracie,Lee,smithjoseph@hotmail.com,316-534-3145x70098,2023-04-02,West Paulberg
406,Kyle,Shelton,joseph67@hotmail.com,(791)277-9679x691,2024-11-08,Susanbury
407,Nathan,Burns,jasongray@meyers-welch.org,809-046-3039x028,2023-09-28,West Jeffreystad
408,Brittany,Mason,schmidtsheena@robinson.com,295.331.0696,2024-11-12,Philipport
409,Michael,Leon,michael74@yahoo.com,656-233-5204x02624,2023-02-05,East Nicole
410,Christopher,Martinez,ronald07@murphy.com,+1-163-033-4005x4489,2024-08-29,Caitlinton
411,Ashley,Smith,andrea34@parker.com,+1-843-136-9917x4955,2024-02-05,Rubioport
412,Anthony,Thompson,tvega@roth.org,988.413.4936x7344,2024-04-11,Lake Jamesstad
413,Gregory,Miller,jared18@patel.com,(118)304-7786,2024-11-10,Chadberg
414,Marcus,Sanchez,andradechristopher@gmail.com,883-919-3718x59409,2023-01-17,Smithfort
415,Ronnie,Perkins,greenkristina@hotmail.com,6365108453,2023-11-24,Port Brian
416,Tyler,Mills,bakerlori@gmail.com,536-810-2340,2024-03-14,New Maria
417,Olivia,Chan,lauren60@hotmail.com,620-585-5604x122,2022-01-11,South Shelly
418,Michelle,Diaz,jordanallen@foley.org,001-998-858-2209x2814,2023-11-08,Turnerbury
419,Jeff,Harvey,smithjennifer@glover.biz,415-346-9507x77036,2022-04-23,Wendyberg
420,Tyler,Rodriguez,bjacobson@hotmail.com,001-009-240-9392x8742,2023-08-27,Riveraton
421,Denise,Frazier,chad14@gentry.com,024-568-5210,2024-11-08,Marshallburgh
422,Jesse,Jackson,davenporttravis@hotmail.com,+1-471-347-7010x965,2021-12-21,Williamstown
423,Sheryl,Rodriguez,edwardroberts@luna.org,(276)086-5234,2022-09-08,Michaelmouth
424,Tammy,Patrick,baxtertodd@morales-lynch.org,(334)622-9744x8781,2022-04-22,Christinefort
425,Anthony,Sandoval,rebeccakeller@hotmail.com,(278)823-0321x0592,2023-12-23,Clarkeberg
426,Brian,Smith,bhunter@yahoo.com,9428320447,2024-12-05,Higginsburgh
427,William,Blake,christopher98@cooper.biz,(443)436-2213x02866,2023-03-18,Lake Joseph
428,Kimberly,Salazar,xedwards@harvey.com,(071)921-5268x58389,2024-02-19,South Christinechester
429,Crystal,Taylor,jennygarner@yahoo.com,001-125-405-3920x75345,2024-10-28,Jeffport
430,John,Butler,brayjames@barrett.org,829-446-1665,2024-05-15,Lake Tyler
431,Michelle,Woods,morsestephen@hotmail.com,(543)672-8181x4248,2023-07-30,Sarahmouth
432,Kenneth,Hernandez,beasleymichelle@payne.com,197-985-1436x4482,2024-09-09,Rhodeschester
433,Candice,Quinn,sreid@wilson.com,+1-402-515-3885x93544,2024-06-04,South Michael
434,Kathleen,Mitchell,mariahwebb@hopkins-hendrix.com,001-100-015-6289,2024-08-23,West Hollyton
435,Emily,Welch,fryelori@carter.com,001-200-552-6751x470,2023-06-15,Jacobsmouth
436,Dwayne,Hernandez,valerie46@chen-ford.org,475.665.1674x9766,2022-02-01,Shannonton
437,Michael,White,austinmadison@yahoo.com,418.231.5360x21192,2023-08-02,Morrisburgh
438,Andrea,Mathews,larry66@gmail.com,046-470-0951,2022-06-15,Hughesshire
439,Veronica,Khan,zbrown@yahoo.com,(801)554-8736x85356,2022-01-12,West Ryanbury
440,Eric,Wade,teresathomas@thompson-howard.com,+1-060-889-0784x214,2022-12-22,North Stevenfurt
441,Derek,Munoz,calvin56@yahoo.com,248.970.3633,2023-07-20,Benjaminchester
442,Brian,Smith,davidsonjoan@yahoo.com,(312)820-1389x76410,2024-05-31,Port William
443,Julia,Haynes,andrew64@arnold.com,(427)569-8064,2022-07-09,Browningburgh
444,Madison,Zimmerman,hellis@baker.net,977-483-3763,2023-12-15,Port Elizabeth
445,Danielle,Bailey,lisamaldonado@carlson.com,041-358-5498,2024-07-08,Port Samuel
446,Erika,Norris,kennethscott@nguyen-padilla.com,(994)298-0685,2024-09-06,Josephstad
447,Bradley,Mann,jfoster@richardson-mcgee.com,708-968-7650x225,2024-09-05,Weavertown
448,Michelle,Pierce,tina30@hotmail.com,001-081-916-9966x054,2022-11-05,East Aaron
449,Danielle,Allen,carolyncosta@yahoo.com,738.362.1752,2023-08-04,Whitestad
450,Jennifer,Santiago,adamjones@gmail.com,+1-256-957-5297x536,2023-10-13,Thompsonburgh
451,Daniel,Martinez,colleen87@bowman-manning.com,442-565-5712x50420,2022-05-12,Port Robertburgh
452,Thomas,Clay,colton73@gmail.com,(185)418-5140,2024-06-05,West Crystal
453,Karen,Wilson,bryantkathryn@merritt.com,318-386-6311x55846,2023-08-19,New Danielfort
454,Jose,Wolfe,stephenalvarez@hotmail.com,+1-929-129-6604x9914,2022-08-17,Daveville
455,Abigail,Cowan,youngjason@rice.com,+1-069-240-7434x086,2022-09-22,Rodriguezhaven
456,Theresa,Walters,thompsontravis@coleman.com,978-287-0234,2024-05-26,Leport
457,Ryan,Ewing,michaelrivera@harris.info,001-277-710-0039,2024-07-29,Lake Calebside
458,Jessica,Pitts,gstevenson@kelley-jordan.info,001-956-037-3853x66200,2023-02-09,Sheliamouth
459,Jennifer,Palmer,martincheryl@gmail.com,1200828245,2023-03-21,Jonesberg
460,Timothy,Newman,ronnie86@yahoo.com,(127)683-5014,2024-05-24,East David
461,Crystal,Williams,stephanieflores@hotmail.com,8576400633,2022-04-30,Fischerbury
462,Kara,Smith,darren44@parrish.org,+1-036-237-9346x800,2023-09-05,Baileyport
463,Timothy,Reyes,stevenwilliams@hotmail.com,507.202.7030x9199,2024-03-12,Rileytown
464,Jennifer,Mills,janetwilliams@holmes.com,229.277.5299x67840,2023-07-29,Grossmouth
465,Henry,Zhang,lambertashley@gmail.com,(594)435-0578x7271,2022-07-14,Kimberlyview
466,David,Mcmillan,omoore@ross-gordon.net,997.176.6395,2024-05-04,Maddoxburgh
467,Jason,Hayden,holmesjacqueline@anderson-murphy.com,+1-564-068-8919x686,2022-12-30,Abigailborough
468,Sharon,Rodriguez,jason15@yahoo.com,+1-224-711-5917x60350,2022-04-25,Port Roy
469,Valerie,Sosa,wilsonedward@klein-gutierrez.com,+1-753-181-7903x378,2024-10-03,West Kristinaville
470,Corey,Valdez,kelly48@hotmail.com,1057942319,2022-01-31,Lake Hannah
471,Jason,Williams,thomas40@gmail.com,+1-294-077-1080x57940,2023-01-14,East Mauricetown
472,Mikayla,Brown,lambcurtis@wilson.com,3901435473,2024-04-26,Howeport
473,Jeanette,Kennedy,donald82@shannon.com,001-768-813-9982x92044,2022-05-29,Josephtown
474,Emily,Hawkins,fgray@olson.com,670.493.9149x5157,2023-08-23,Lake Lori
475,Brian,Scott,heather34@bates.com,001-833-667-6734,2022-05-27,Fisherburgh
476,Frank,Wells,amy53@parker.net,386.898.3165x6523,2024-11-01,Porterbury
477,Danielle,Ward,cynthia59@doyle-dickerson.com,(711)486-5177x4960,2022-02-26,Reyeston
478,Eric,Meyer,joshua31@gmail.com,+1-459-395-8937,2022-12-18,Nortonbury
479,Victoria,Hall,brian27@hughes-ferguson.net,820-105-8571,2022-02-05,East Travis
480,Melissa,Snyder,harold75@king-green.com,2387554565,2024-01-29,South Anthony
481,Melanie,Gonzalez,wharris@yahoo.com,566-287-1320x44214,2022-01-05,Garcialand
482,Richard,Smith,lisa85@hotmail.com,(237)999-2853x28122,2023-03-13,Port Gregorytown
483,Christina,Gentry,joshua06@hill-sandoval.com,2594217216,2024-07-20,Torresville
484,Christopher,Garcia,matthewbennett@johnson.net,(189)351-6798x56860,2022-07-22,Catherinefort
485,Veronica,Yu,mwerner@yahoo.com,837-825-1286x9809,2023-12-04,West Tina
486,Rachel,Moses,burtonkevin@yahoo.com,245.871.0136x72295,2024-02-16,New Angela
487,Julie,Smith,hopkinsmax@yahoo.com,001-221-676-1436x515,2023-03-19,Vancefurt
488,Howard,Moore,charles44@hotmail.com,+1-910-082-1675x591,2023-07-28,Lake Bonnie
489,Charles,Buck,hbowman@cooke.net,786-532-3665x5334,2024-04-15,Henryton
490,Adam,Ellis,shari50@williams.com,394-097-4800x6831,2022-03-26,Thomashaven
491,Jennifer,Johnson,rtucker@hotmail.com,4980848575,2023-10-26,East Garrettberg
492,Tara,Atkinson,kelly40@green-hernandez.com,728-963-8721,2022-02-12,Harrismouth
493,Shawn,Fox,leetiffany@hotmail.com,(384)608-5933,2023-05-01,Nicolebury
494,Anita,Morrow,jmartin@mccormick.com,(487)153-6101x994,2022-12-25,Williamsfurt
495,Michael,Lawson,pmeza@yahoo.com,690-678-5431x614,2023-11-25,Bakertown
496,Alicia,Grant,robinsonlindsey@hotmail.com,001-130-596-5903x582,2023-01-03,Williamville
497,Kara,Alvarez,ptaylor@hotmail.com,008-665-3626x072,2024-12-09,Lake Laurastad
498,Steve,Patel,amberbrewer@gmail.com,109.080.4428,2023-01-31,Fieldsville
499,Ronald,Wolf,mnewman@yahoo.com,(754)771-5516,2022-06-13,Janeside
500,Travis,Thomas,leeronald@vega.com,001-579-163-6156x08459,2024-08-29,Sierraside
501,Gerald,Kirk,jnorman@yahoo.com,+1-795-922-2227x881,2023-09-23,Nguyenfurt
502,Christopher,Anderson,amy84@crawford.net,(093)858-4331x53022,2021-12-23,West Daniel
503,Denise,Graham,andersonpatricia@atkins-west.com,872.537.8118,2023-12-16,Millerstad
504,Jane,Orr,jason55@hotmail.com,(916)550-2383,2023-09-13,Lake Danielle
505,Joshua,Thompson,scott62@ray-jones.com,(477)352-4655x34200,2022-05-19,West Katherinefort
506,Brandy,Vaughn,estradajaime@black-myers.com,112-968-0503,2024-04-27,Port Johnchester
507,Andrew,Simpson,ifrazier@yahoo.com,+1-951-299-8346x515,2023-04-29,Collinsland
508,Derrick,Mcconnell,nicholasbuchanan@wagner.org,001-692-478-1515x526,2022-01-01,Brianport
509,Sarah,Taylor,westrenee@mason.com,(100)296-1722,2022-11-21,Mcclainview
510,Christina,Edwards,bmartinez@avila-fisher.com,267.284.0705x259,2023-07-10,Trevorberg
511,Tyler,Carpenter,paul68@hotmail.com,(560)000-7824x0036,2022-05-16,Lopezchester
512,James,Martin,pamela55@short.com,330.638.0304x736,2022-10-27,Younghaven
513,Carmen,Welch,hchase@hotmail.com,001-515-281-7637,2023-09-07,Vaughanport
514,Robert,Collins,matthewmiller@powers.com,615-840-6325,2022-06-03,South James
515,Kimberly,Riggs,timothy99@hotmail.com,525.049.5935,2023-09-24,Amberport
516,Kimberly,Barrett,tracyevans@gmail.com,262-888-9368x7579,2022-05-15,Port Chadmouth
517,Thomas,Larsen,austin96@brown.info,833-624-8592x98791,2023-01-21,Smallhaven
518,Michael,Simpson,reynoldsjoseph@flores-thompson.com,707.914.1334,2022-01-03,Dylanmouth
519,Sara,Brown,denise36@sellers.org,001-614-644-6995,2024-04-27,Joannastad
520,Melissa,White,nanderson@gonzales-reynolds.com,990.666.5862,2023-02-23,New Morganhaven
521,Sarah,Kaiser,faith72@carlson-richards.com,518.832.7065,2023-06-11,New Frankshire
522,Kimberly,Mitchell,rconner@holland.com,560-189-5439x3398,2024-07-18,Port Joshuamouth
523,Michele,Bryant,humphreydeborah@ruiz-edwards.net,+1-282-621-6256x17840,2023-12-03,Lake Michael
524,John,Jackson,alexandraflores@hotmail.com,135.997.4897x784,2022-09-27,Whitakerside
525,Patricia,Simpson,hannah24@williams-johns.org,001-640-264-3701,2024-06-03,Meyerstad
526,Abigail,Brown,vspencer@blanchard.com,586.896.0305x58061,2023-01-17,South Eddieville
527,Thomas,Nelson,tracimolina@gmail.com,+1-785-689-5573x570,2022-09-14,Lynnside
528,Jennifer,Solomon,dennis33@durham.org,625-520-0271x5486,2024-11-27,Ashleyville
529,Angela,Green,faulknervincent@allen.org,932-612-3452x8994,2022-08-09,South Teresa
530,Matthew,Smith,qduncan@gmail.com,6839764699,2023-02-27,East Nicoleville
531,John,Howard,lori85@james.info,9590980988,2022-11-20,Roweside
532,Jordan,Owen,wrighteddie@yahoo.com,001-921-002-7093x9201,2023-11-16,Lake Laura
533,Amber,Maldonado,daniel53@hernandez.com,(296)952-6552x49664,2024-02-17,East Angela
534,Joseph,Sanford,jason11@leon.com,323-684-2998x244,2024-04-21,North Alexander
535,Colleen,Cole,woodhannah@lowe.com,810-405-1395,2022-02-23,Berryburgh
536,Wendy,Clay,abrown@berger-burch.com,001-225-311-8251x6633,2024-06-29,Martinezmouth
537,Nicole,Cooper,sgutierrez@dominguez-martinez.com,+1-022-860-2183x491,2024-01-05,Stephenhaven
538,Jacqueline,Reynolds,heidibeck@hernandez.com,(819)760-5577x294,2021-12-27,New Emily
539,David,Herring,dianehall@thomas-ochoa.org,2803344905,2022-10-16,Antoniomouth
540,Alison,Wells,joditran@hotmail.com,613-302-9709,2024-02-05,Port Crystal
541,Heather,Crane,prodriguez@owens.com,+1-199-885-4454x0915,2023-09-07,Port Williamburgh
542,Danielle,Jones,twalker@wiley.com,+1-541-284-0450x146,2024-11-01,Wareport
543,Latasha,Patrick,milestroy@yahoo.com,299-474-8565x8915,2023-04-11,Brandonhaven
544,Christine,Garcia,jason50@bell-smith.info,001-598-399-1964x92210,2021-12-23,Port Christopherfurt
545,Aaron,Green,bthomas@gmail.com,0450145190,2024-06-19,Port Robert
546,Jennifer,Fields,uwagner@gmail.com,948.567.5882x0384,2023-11-15,West Jerrytown
547,Heather,Moore,julieyoung@hotmail.com,+1-364-834-2079x62028,2024-04-25,Mooreport
548,Jasmin,Johnson,singhmichael@lawrence.com,686.888.0533x593,2022-04-05,East Jacobchester
549,Elizabeth,Oconnor,molinajulie@hotmail.com,+1-255-796-2096x8575,2024-01-20,Port Vanessa
550,Michelle,Ramos,joanna30@hotmail.com,042-424-9253x8482,2023-09-26,West Jose
551,Timothy,Taylor,nielsennicole@yahoo.com,(756)491-6171x999,2023-12-10,West Ian
552,Jacob,Santana,stewartsandra@yahoo.com,594.159.1298x61388,2022-11-18,South Andrewchester
553,Wayne,Hubbard,cjenkins@obrien-day.com,957-921-1656x413,2023-10-25,New Kevin
554,Jacqueline,Hancock,david91@gmail.com,+1-703-640-5525,2024-05-26,East Kaylaport
555,Michelle,Ferguson,qmoreno@torres.biz,849.628.2870,2023-07-03,New Leonardside
556,Angela,Rojas,andrea14@yahoo.com,416.288.9199x801,2023-08-30,East Ryanberg
557,Timothy,Macias,sarahellis@gmail.com,962.621.9099,2023-01-14,West Teresa
558,Christopher,Saunders,kwatkins@gmail.com,(481)002-4643x680,2024-10-23,Brookschester
559,Matthew,Miller,robert95@gmail.com,+1-124-003-4498x2976,2023-03-27,Lake Diana
560,Diamond,Lee,snyderangelica@jones-brown.com,+1-647-504-9469,2024-01-30,North Joshuahaven
561,Andrew,Humphrey,caseylarson@patel-lee.net,0031080331,2023-10-19,New Shannon
562,Jonathan,Johnson,davisnoah@gmail.com,777-617-3154,2023-01-15,West Richardton
563,Caroline,Schmitt,angela01@gmail.com,2660828296,2024-01-29,Bakerport
564,Brett,Stewart,qgonzalez@yahoo.com,001-744-633-0635x7821,2024-03-21,Lake Brandonmouth
565,Krystal,Huerta,xmaddox@gmail.com,891-765-9519x55197,2022-07-08,Jonesborough
566,Robert,Gallegos,laura96@yahoo.com,001-322-802-0710x95147,2023-12-26,Port Miguel
567,Jeffrey,Mitchell,terrenceparker@yahoo.com,(689)815-0680x86434,2022-11-13,New Joshua
568,Jennifer,Green,rperkins@hotmail.com,863-463-0717,2022-12-03,Craigton
569,Corey,Cruz,danielgraham@gmail.com,492-208-9806x713,2024-01-14,East Loriburgh
570,Brian,Heath,shannonwu@martinez.com,(382)033-1695,2024-05-01,East Ann
571,Victor,Boyle,ogonzales@hunt.com,+1-056-096-2163x32878,2023-12-06,Lake Davidfurt
572,Philip,Moore,gary05@quinn-martinez.com,001-986-977-6693x31021,2024-07-03,Woodmouth
573,Mary,Hill,emilyyoung@gmail.com,+1-422-368-9256x6309,2024-11-26,North Jennifer
574,Patrick,Stone,david50@hotmail.com,+1-146-299-3797x673,2024-06-11,Port Monicaton
575,Carlos,Riggs,ricecasey@bradford.org,001-450-080-7743x0404,2024-09-15,Derekmouth
576,Michael,Lopez,johnsonamanda@yahoo.com,001-399-638-9778x06790,2022-06-01,Port Aaronshire
577,Daniel,Thomas,fwallace@hotmail.com,(635)944-7549x685,2023-02-04,West Sheri
578,Melissa,Adams,dalexander@james-morris.com,001-755-376-1891x48681,2024-06-12,Sierramouth
579,Lisa,Tyler,oriddle@kent.biz,001-036-918-5878x04408,2024-01-30,Lake Janet
580,Jennifer,Nguyen,ericaponce@russell-morgan.com,+1-108-752-5900x438,2023-11-30,North Karina
581,Kristine,Foster,lburgess@yahoo.com,070.990.4384,2024-09-13,Derrickbury
582,Tyler,Preston,ncosta@gmail.com,207.310.1575,2023-05-15,Port Johnathan
583,Kimberly,Hodges,alexis42@yahoo.com,+1-279-503-8556x179,2023-08-21,Clarkfort
584,Michael,Wade,kendra85@frey.biz,120-578-6125x236,2023-04-25,New David
585,Tamara,Ware,elizabethtyler@gmail.com,(241)267-2704x48443,2023-08-24,Millerborough
586,Gabriel,Butler,joseph94@gmail.com,(793)209-0805,2023-08-28,Christineport
587,Joshua,Barajas,andrewhite@russell.biz,765-197-0674x58138,2024-03-04,Birdfurt
588,Theresa,Boyd,sullivanlee@holland.org,038.664.6235,2022-06-29,West Joel
589,Tracy,Parker,davery@solomon.org,(667)759-6534x48789,2024-08-22,Martinezchester
590,Jason,Mathews,lesliereynolds@hotmail.com,(442)422-3263x56097,2022-07-15,North Stacyland
591,Michael,Mcguire,ewebb@hotmail.com,+1-622-083-7258x67727,2022-07-24,Jennifermouth
592,Bailey,Christian,aimee15@hensley-gilbert.com,001-164-706-8334x148,2024-12-13,Williamshaven
593,Sean,Scott,jennifer79@rojas.com,608-114-2381x158,2023-09-17,West Amandahaven
594,Eric,Clark,qgardner@yahoo.com,(966)264-3897,2024-07-05,Lake Elizabeth
595,Todd,Townsend,cherylwatson@walker.com,001-454-543-3818x67343,2022-10-23,Port Jamesview
596,Terri,Phillips,caseycontreras@barber.com,(530)905-3284,2022-01-07,Salinasview
597,Wanda,Perry,millerashley@yahoo.com,(281)106-8744,2023-07-20,Bergerville
598,Victor,Wood,brian92@gmail.com,(624)906-3576,2023-05-29,Austinfort
599,Michelle,Young,williamsdonna@gates-waters.biz,+1-541-299-1985x293,2023-02-16,Lake John
600,Matthew,Thomas,francisco33@murphy.net,(086)103-8307,2023-01-05,East Kristenbury
601,Bradley,Mcintyre,tmunoz@gmail.com,001-345-025-9942x83682,2024-12-11,East Davidbury
602,Cheryl,Vega,caldwelljennifer@yahoo.com,(423)326-3621x2374,2022-04-02,Mckinneyland
603,Nicholas,Patel,xwilliams@yahoo.com,001-553-653-6220x647,2022-11-03,East Michelle
604,Glenn,Roberts,djames@yahoo.com,(650)619-0263x4708,2022-06-16,Jacksonberg
605,Micheal,Sims,andrewjones@sweeney.com,001-202-093-4094,2022-05-10,Lake Ashleebury
606,Ronnie,Kelly,walterscolin@white-cantu.com,(326)011-5506x2084,2022-01-11,North Christopherchester
607,Ryan,Robbins,monicagarcia@mack.org,694-736-4879,2023-04-26,Guzmanborough
608,Diana,Lee,luketanner@banks.com,636-740-6443x6244,2022-01-08,East Maryshire
609,David,Thompson,jamescooper@stanley.com,157-492-2531x4899,2023-03-02,Port Michael
610,Emily,Powers,jareddiaz@hotmail.com,665-131-4366x83642,2024-02-20,East Bradleyview
611,Mary,Santana,jakeshepherd@kelley.com,017.661.8147x252,2024-03-28,Lake David
612,Brandon,Lawson,janice43@smith.com,(517)485-3001,2023-09-16,Davidfurt
613,Jennifer,Stevens,reedjennifer@marks.com,001-030-877-7766,2024-02-21,Port Rachel
614,Natalie,Johnson,tammyhawkins@oconnell-kaufman.net,921-161-1584,2023-07-20,West Jamesmouth
615,David,Powell,kdavis@hotmail.com,(435)792-8420,2022-05-30,Alexanderhaven
616,Kevin,Simmons,marilynfranklin@gmail.com,(691)016-2557x59042,2022-08-08,East Cassandramouth
617,Shelly,Vasquez,jsmith@brown.com,001-137-025-3486x858,2023-12-14,East Christinaland
618,Angela,Snow,rodriguezpatrick@osborne.com,8172596617,2024-03-21,South Laura
619,Ricky,Velasquez,brandon20@hotmail.com,(454)955-4744x42177,2023-04-13,Gonzalezbury
620,Todd,Jones,simsjacob@gutierrez.net,334-641-3395x68110,2022-08-05,Spencermouth
621,Julie,Copeland,sjimenez@costa.com,(356)718-5644x921,2023-02-28,Lake Matthewstad
622,Thomas,Flores,hdouglas@burke.com,7109689593,2024-10-27,Nicholasstad
623,Natasha,Barnes,alexanderamy@gray-lin.info,+1-782-377-9328x77849,2023-08-22,Duanechester
624,Patricia,Schmitt,susanforbes@johnson.com,(281)715-3658,2022-02-23,Cherylland
625,Todd,Robbins,adamskevin@rojas.biz,+1-079-517-6414x0519,2022-07-04,Burtonfort
626,Bruce,Mercado,qphillips@gmail.com,079.139.1399x6211,2024-02-23,West Vanessaside
627,Martin,Cabrera,eturner@yahoo.com,(051)505-1469x7954,2024-09-02,Jamesbury
628,Jeffrey,Russo,morrisonrobert@gross.com,+1-029-738-9550x37677,2024-05-30,Fordton
629,Jade,Velazquez,krauseanita@gmail.com,597.006.1378,2023-06-22,West Angela
630,Shelly,Clark,susanstevens@gmail.com,052-332-6182,2022-01-24,Mejiamouth
631,Nicholas,Kaufman,bandrews@acosta.com,266.519.3674,2023-04-26,Johnbury
632,Daniel,King,knichols@parker.com,+1-028-749-6595x89228,2022-01-19,Williamfort
633,Brandon,Gallegos,michael09@morgan.com,+1-485-851-1550,2023-09-07,Matthewtown
634,James,Davis,bwilson@yahoo.com,747-051-8831x72361,2024-11-01,Port Jenniferchester
635,Victoria,Green,sherri14@yahoo.com,001-466-970-5667x13883,2023-05-31,Christopherview
636,Kevin,Garcia,theresamartinez@hotmail.com,647.308.1122x611,2022-06-17,Deborahfort
637,Jeffrey,Scott,ucrawford@morales-phillips.com,334.664.0160,2022-10-11,Millermouth
638,Scott,Fuller,douglasdorsey@williamson.com,(602)248-7990,2024-09-27,Ashleymouth
639,Stephanie,Giles,evanschelsea@gmail.com,(167)106-8462x0270,2023-10-05,North Deanna
640,Kevin,Shelton,deanna41@hotmail.com,(537)800-1975,2022-10-09,Rojasborough
641,Eric,Parker,daniel25@hotmail.com,+1-962-719-8769x861,2024-08-16,North Roberthaven
642,Jennifer,Foster,moralessteven@johnson.com,+1-129-693-3175x75114,2022-10-02,Millerborough
643,Billy,Dorsey,alanpierce@sanders.net,001-020-127-1533x814,2023-10-29,Christopherfort
644,Jessica,Hernandez,martha25@spencer.biz,+1-967-872-0858,2024-11-01,Lake Alexanderburgh
645,Philip,Carter,lisa69@gmail.com,589-561-5776x2879,2022-03-16,Port Cody
646,Sandra,Haley,joseph78@hotmail.com,1556635958,2023-09-09,West Williamborough
647,Dawn,Villarreal,hancockalyssa@pearson.com,+1-379-491-0737x1598,2024-02-01,Danielborough
648,Robert,Barnes,robert00@hotmail.com,+1-052-606-6964,2023-12-04,East Dennis
649,George,Beck,grayrobert@myers.biz,(347)126-2495x488,2022-01-30,Daviston
650,Amanda,Ramirez,dcarter@gmail.com,001-525-719-5095x547,2022-09-07,East Christopherview
651,David,Livingston,nevans@gmail.com,414-202-9392x175,2023-07-03,Jacksonshire
652,Jonathan,Moran,jamiemartinez@thompson.org,+1-043-853-7891x011,2023-11-24,Ericside
653,Joseph,Blackburn,evanstamara@yahoo.com,216.372.8405x3629,2022-02-11,Kelseyhaven
654,David,Hardy,loganrodriguez@yahoo.com,744.921.2649x73646,2023-04-18,Lake Sharifort
655,Chad,Gill,madison11@hotmail.com,562.380.3579,2023-06-02,East Bobby
656,Wendy,Williams,floydsarah@gmail.com,870-317-0667x25427,2024-05-12,Karishire
657,Paul,Ali,joshuanoble@butler.com,859.024.2552,2023-10-28,Victoriamouth
658,Courtney,Drake,steven89@jarvis.info,001-210-025-1634x4568,2024-02-07,New Michelleton
659,Nathan,Clark,nlewis@roberts-garrison.com,781-475-0614x2853,2024-08-24,Lawsonville
660,Annette,David,thompsonscott@hotmail.com,(771)447-8740x5806,2022-08-06,Port Kathy
661,Joseph,Barker,charles30@davies.com,(974)706-3933x417,2023-08-26,Williamsville
662,John,Wade,kelseyhill@gmail.com,259-852-4359x010,2023-04-29,New Ethan
663,Alicia,Lopez,trivera@yahoo.com,(532)673-4071,2021-12-20,Courtneyfurt
664,Ann,Luna,michaelclark@gmail.com,6343011517,2024-07-06,Burnstown
665,Matthew,Coleman,urussell@hotmail.com,882.458.9514x184,2023-01-22,Brownfort
666,Sheila,Chen,gregfrench@myers.org,934-921-6238,2022-11-01,South Alanport
667,Nancy,Williams,vnewman@hall.com,236.486.1256x04008,2024-07-29,North Angelaside
668,Mathew,Santos,hernandezclaire@yahoo.com,(435)840-2065,2023-11-22,Janethaven
669,Sharon,Harper,barrondavid@hotmail.com,754-578-9834x3216,2022-07-21,Lake Lauren
670,Natalie,Waters,lwilcox@hotmail.com,550-835-1825x42363,2022-07-26,North John
671,Seth,Clarke,william52@yahoo.com,(167)232-9195,2022-10-10,Craigstad
672,Brenda,Baker,nmartinez@parker.net,599.816.4670x55368,2024-07-12,Thomasmouth
673,Cynthia,Thomas,ewhite@yahoo.com,427.730.9205x7740,2023-04-15,Joshuastad
674,Rachel,Johnson,thomas64@atkins.biz,5741919155,2022-06-21,Priscillaton
675,Ronald,Johnson,robertsontony@hotmail.com,(179)806-0719x93110,2024-01-20,Jessicamouth
676,Andrea,Goodman,stephaniehamilton@combs.com,169-411-6743,2024-02-20,Evansborough
677,Maria,Jones,sarahchaney@yahoo.com,+1-512-859-4892x255,2023-12-30,Joyborough
678,Sara,Ford,oburke@robinson-cruz.net,+1-117-210-5451x75556,2023-02-03,Port Ashleyside
679,Thomas,Miller,andrea28@richards.biz,+1-165-716-6306x10058,2023-04-08,North Gregory
680,Elizabeth,Thompson,johnrobinson@chapman.net,+1-413-243-2731x539,2022-10-19,East Mary
681,Breanna,Taylor,brendan66@yahoo.com,153.774.2360,2022-03-22,Wilsonshire
682,Janice,Hays,ramirezkimberly@yahoo.com,(056)337-5191,2024-05-14,West Holly
683,Mary,Robinson,cowankatherine@tran.net,+1-564-225-2550x974,2023-11-14,West Bethhaven
684,Jeremy,Robinson,rharper@gmail.com,001-545-323-5247x2364,2022-12-20,Ronnieport
685,Donna,Mccarthy,kingadam@hotmail.com,065.435.5451,2022-01-16,Jacobborough
686,Brian,Ritter,dmorris@yahoo.com,(049)412-7876x9729,2022-06-18,North Juanfort
687,Kathy,Martinez,garciamathew@waller.com,(604)274-0054,2024-09-08,Port Jasmin
688,John,Rodriguez,chase26@watson.org,8828039775,2023-08-18,Kellyshire
689,Andrea,Riley,davidharper@hotmail.com,313.659.5842x2075,2024-08-16,Beckerhaven
690,Amy,Tran,mneal@hotmail.com,001-859-371-6145x249,2023-09-19,Nguyenbury
691,Nicole,Rivera,sbradford@jackson-lucero.com,2908049953,2023-08-05,Harveyhaven
692,Christopher,Logan,spearserin@yahoo.com,363-028-7711x482,2022-08-11,Jonathonbury
693,Susan,Miller,james35@jones-russo.com,628.155.3685x179,2024-06-01,South Adammouth
694,Victor,Conley,deleonandrea@hughes.com,9637024308,2023-06-28,Medinafort
695,Cindy,Armstrong,kevin13@yu.com,028-531-9532,2023-09-03,Candiceview
696,Tiffany,Garcia,vasquezjacqueline@jones-moore.biz,914.692.6459,2023-04-07,Brownport
697,Laura,Mitchell,ethan69@hotmail.com,021-028-3112x935,2023-07-24,East Wendy
698,Jennifer,King,sharonwilson@bell.net,(574)266-6846,2023-04-17,East Phyllis
699,Isaac,French,marcus07@hotmail.com,001-893-778-7984x97823,2022-02-12,North Jesus
700,Erica,Cunningham,michaeldennis@hotmail.com,(303)421-5399x9365,2022-01-11,South Morganhaven
701,Amy,Mcgee,williamsjoseph@mason.com,284.516.9382,2023-04-13,West Andrewville
702,Gary,Mendez,rachelhernandez@sanders.com,+1-529-602-9109,2024-06-20,Baxtermouth
703,Robert,Chambers,robin10@gmail.com,(765)267-6857x51329,2023-11-11,Thomasshire
704,Cynthia,Daniel,malik53@hotmail.com,322-446-9487,2023-07-09,Rodriguezland
705,Alicia,Hanson,deanbrown@gmail.com,355.959.8882x0207,2024-10-28,Lake Patriciaside
706,Shelby,Fuentes,tiffany58@hood.com,001-201-519-2230x7272,2023-09-05,Watkinsview
707,Gabriela,Brown,frank25@salazar-bernard.com,080-792-3250,2022-04-04,Nicholsonstad
708,Gina,Keller,johnibarra@lopez.org,199.483.5982x70601,2023-03-04,Port Michaelville
709,Peter,Fuentes,alyssa08@orozco.com,(685)982-0377x0526,2022-05-21,South Darren
710,Bonnie,Ray,jcastro@yahoo.com,+1-832-622-7056x446,2022-11-10,East Gina
711,Douglas,Smith,baileyzachary@coffey-frey.org,(389)658-5819,2024-10-31,Reyesfort
712,Margaret,Knight,jessica58@diaz-perez.biz,601-976-1389x3567,2024-11-16,Samanthabury
713,Robert,Kelly,jackie03@gmail.com,(502)443-0070x87397,2023-02-21,North Timothy
714,Jasmine,Cervantes,patrickvillanueva@james.biz,7538210750,2024-12-02,South Robertstad
715,Amy,Cain,audreystrickland@gmail.com,7481100526,2023-08-17,Alexanderland
716,Jennifer,Weeks,robertskyle@williams.info,(958)402-2048x293,2023-12-28,Bradshawland
717,Selena,Stokes,harmonmichael@rodriguez-perez.net,346-997-1112,2022-01-06,Lake Donna
718,Maria,Tanner,nblanchard@gmail.com,001-168-528-8051x319,2022-07-20,East Kimberly
719,Melinda,Adams,cindy62@yahoo.com,+1-332-065-6281x28577,2024-05-13,East Ericafurt
720,Theresa,Hammond,brianhunter@lewis-jordan.net,776-841-1886,2022-04-23,New Saraside
721,Daniel,Evans,anthony07@hotmail.com,070-630-2317x0587,2024-10-17,Mejiaton
722,Adam,Hall,jamie62@hotmail.com,001-370-519-7768x6331,2024-07-22,North Melvinchester
723,Thomas,Taylor,ryanmcknight@yahoo.com,+1-552-225-1261x9477,2021-12-27,New Austinside
724,George,Smith,melinda72@miller.info,+1-186-710-3405,2022-09-12,Fischerland
725,Ryan,Montgomery,davisjenny@cole.org,(926)790-0179x18674,2023-01-22,New Robert
726,Courtney,Hinton,angelica61@moore.com,+1-940-286-2127x30568,2023-10-26,Tammyfort
727,Jacob,Richardson,chrishopkins@richardson.biz,1397916757,2024-06-29,Andersonburgh
728,Amber,Nixon,loganpaul@buckley.info,+1-734-017-7511x53142,2022-08-26,Ashleyfurt
729,Ashley,Johnson,ywhite@hunter.com,164.235.6166x1464,2023-12-10,Coryborough
730,Renee,Kelly,brandongreen@yahoo.com,6223711923,2024-03-10,North Beth
731,Jeffery,Cochran,bradleyphillip@hotmail.com,+1-467-075-5964x3829,2022-04-29,Thompsonbury
732,Leah,Chapman,nfranklin@reed.org,001-606-643-0466x78716,2023-10-15,East William
733,Melissa,Torres,zedwards@clark.com,500-163-0249,2024-08-02,Lake Lynnview
734,John,Hall,owenjeffrey@yahoo.com,001-606-793-0832x5451,2022-09-28,Danielfurt
735,Cynthia,Thomas,barnesmelissa@gmail.com,503-807-6895x87063,2022-07-31,South Teresaside
736,Glenn,Mitchell,gmiller@hansen.info,+1-194-814-4238x895,2023-04-11,Brianborough
737,Carol,Perez,joshuagriffin@morales.com,001-872-953-5268,2024-03-11,East Kayleeville
738,Linda,Owens,tmunoz@shaw-greer.info,001-510-004-8301x448,2024-10-06,Port Pammouth
739,Maria,Decker,amandarobles@gmail.com,001-844-526-2256x5256,2024-01-08,Alejandramouth
740,Warren,Smith,boltonkenneth@yahoo.com,737.973.1063,2023-03-03,South Ryan
741,Erika,Waters,mooremark@lyons.com,001-546-317-5348x9817,2024-05-15,Port Dawnchester
742,Michael,Taylor,ericrodriguez@hotmail.com,895.723.0284x7991,2022-06-14,Lake Sara
743,Charles,Ward,david53@summers.info,910-869-0307x5319,2023-11-09,Davischester
744,Donna,King,brenda31@mccarthy.com,087.066.9736x162,2022-04-01,Michaelmouth
745,Jacqueline,Holt,keith71@reyes-johnson.net,(120)236-5598x28616,2023-04-08,New Nicole
746,Marc,Anderson,brandonsharp@green.com,+1-108-166-5642,2024-06-04,Port Aliciaborough
747,Andrea,Brown,blackwellmichael@carter.org,456.718.7552x8346,2024-04-20,Kendraton
748,Emily,Schroeder,andrewdavis@gmail.com,158.730.5353,2022-10-20,Ballhaven
749,Steven,Bradley,ecampbell@curry.com,1782821848,2023-06-24,Baxterstad
750,Olivia,Webb,timothy19@robertson.com,(178)731-5541x32499,2024-06-21,North Kevin
751,Brenda,Shannon,ashley36@yahoo.com,001-348-207-9914x80953,2024-03-09,Jasonborough
752,Patricia,Beck,evelynferguson@gmail.com,513-328-4433x6652,2024-10-18,Elizabethbury
753,Bryan,Barrett,mary55@gmail.com,001-754-755-1164,2022-06-05,West Harry
754,Amy,Nicholson,michaelesparza@hotmail.com,001-478-944-1719x723,2023-11-07,East Kimberly
755,David,Miles,rodriguezkathryn@conley.com,9901189112,2022-04-27,East Jonathanbury
756,Kenneth,Phelps,josesantos@hotmail.com,653-048-4198,2022-09-08,Port Rachelton
757,Bianca,Berger,timothyboyd@gmail.com,492-984-5899x431,2023-05-22,Deleonmouth
758,Vincent,Miller,iolson@williams-miller.info,+1-626-471-2908x601,2024-12-11,North Edwinton
759,Edward,Morrison,chadflowers@bennett.com,+1-289-759-3766x505,2022-08-28,Jonesland
760,Harold,Williams,lynn25@yahoo.com,363-432-0986x419,2023-05-14,Lake Brooke
761,Patricia,Romero,brian36@yahoo.com,706-797-1146x4072,2022-05-14,Janestad
762,Bruce,Cobb,kristen07@hill-allen.net,001-824-362-1918x4707,2022-11-21,Smithfort
763,Mason,Lopez,epeterson@hotmail.com,910.385.8691x139,2022-11-23,Malonestad
764,Tracie,Powell,todd27@bush.biz,5807176650,2022-01-04,West Kellyville
765,Holly,Meyer,fitzpatrickamy@cantrell.com,(119)381-0114,2024-12-05,Lake Barbarastad
766,Laura,Robinson,parsonsjill@smith.com,802-611-7738x6418,2023-11-12,Simmonsborough
767,Brian,Lewis,chernandez@lawson.com,001-336-590-9536x078,2024-02-23,Livingstonland
768,Jeffrey,Hancock,simpsonangela@holmes.net,700.338.7072,2022-10-27,New Stacy
769,Matthew,Garcia,westalyssa@gmail.com,255-128-6779x382,2022-09-17,South Aarontown
770,Christopher,Cross,burnsemma@yahoo.com,464.971.7226,2023-10-26,Berrymouth
771,Randy,King,matthewbrown@warner.org,254.396.3475x7114,2024-10-06,Port Richardfurt
772,Gina,Mccall,andreahorne@ho-johnson.org,397-997-2445,2023-10-05,East Andrew
773,Edward,Powers,plarson@hotmail.com,383-459-1991x0238,2022-06-23,New Scott
774,Garrett,Vargas,robert96@martinez-johnson.biz,799-052-8432x7524,2022-08-31,Melanieland
775,Sergio,Wiley,cbaker@hotmail.com,369.949.6372,2023-03-06,South Angela
776,Ronald,Fitzgerald,alejandrocollins@yahoo.com,+1-809-273-1809x972,2023-10-30,New Jonathanshire
777,Christopher,Smith,david42@noble.info,001-885-326-3505,2023-07-10,South Jeffrey
778,Natalie,Anderson,patrick66@hotmail.com,+1-873-018-9231x36861,2024-02-06,Annstad
779,Chad,Adams,rachelhall@gmail.com,0089437731,2023-12-17,East Robert
780,Jeffrey,Moran,shelly65@schneider.com,(743)879-1783x982,2024-08-22,Lake Frank
781,Eric,Avila,wheelerjeanette@hotmail.com,243.342.6413x875,2024-05-11,Johnland
782,Brian,Johnson,huffsteven@wallace.com,579.403.2347x9207,2023-06-10,New Christopher
783,Daniel,Potter,brendawarren@walker.biz,9187938994,2024-12-11,Lake Peterstad
784,Dennis,Henry,usims@ellison-price.org,3490733840,2023-10-10,Perkinsbury
785,Jacqueline,Carter,tyler33@mora.net,787-716-0839x736,2022-02-27,Port Carlos
786,Cassandra,Fields,juliegarcia@jones.com,840.106.5655x822,2022-06-01,New Elizabeth
787,Dana,Nelson,cisnerosjeanne@yahoo.com,781.947.2885x993,2023-09-14,New William
788,Kenneth,Garcia,cdean@vega.biz,531.319.5877x00935,2024-07-27,Garymouth
789,Rodney,Bates,michaeljackson@burton-perkins.com,001-024-159-5646x48934,2022-02-12,Smithshire
790,Kristen,Davis,robin37@fleming.net,+1-379-312-1926x621,2024-03-03,Jennyfurt
791,Dana,Rodriguez,damonfrank@jones.biz,+1-459-968-5180x7684,2023-11-09,West Mary
792,Thomas,Weiss,amanda12@miller.com,(451)484-5723,2023-02-11,New Kristinchester
793,Lori,Mcclure,john05@hebert.com,001-848-032-7408,2023-07-17,South Donald
794,Michael,Garcia,ubrooks@norris.com,3041531283,2023-05-06,Shelbybury
795,Robert,Cooper,kellybrandon@yahoo.com,(644)891-3587,2022-11-03,Port Jamesborough
796,Matthew,Higgins,aoliver@hotmail.com,168-480-4253x978,2022-03-23,South Jessicaberg
797,Amy,Jackson,fowlerchristina@gmail.com,001-633-373-8830x88569,2022-09-18,South Victor
798,Rachel,Atkinson,eric72@yahoo.com,(333)546-6915x5263,2023-09-19,East Vickie
799,Michael,Moore,anthony49@peterson.com,946.304.0595,2022-11-14,Alexanderville
800,Lynn,Lewis,devinarmstrong@yahoo.com,+1-874-399-5686x88137,2024-04-23,Reyesbury
801,Vanessa,Schmidt,shannondaniels@smith.com,001-398-184-3410x9012,2024-07-11,Watsonborough
802,Alexandra,French,dadams@hotmail.com,(972)831-1611,2024-03-16,Amandaville
803,Julie,Durham,nconrad@yahoo.com,(206)468-0870x5866,2023-02-27,North Stacyfort
804,Mark,Obrien,julie77@pace.net,385.835.4441x3064,2023-05-15,Port Kendra
805,Jeffrey,Flores,moorepatricia@gmail.com,+1-872-734-0670x92894,2024-10-08,Williamview
806,Mark,Hester,lbaxter@wright.com,(789)798-4915x131,2022-06-16,Jonesland
807,Sarah,Maddox,daughertycarol@cummings-bender.com,(972)610-0479,2024-01-28,Lorraineborough
808,Troy,Moore,brianmason@gmail.com,+1-823-443-3244,2023-11-19,North Ashleyfurt
809,Judith,Garcia,davidmcguire@yahoo.com,997.910.6961x99067,2024-08-19,Stevenport
810,Justin,Stafford,timothybeasley@hotmail.com,001-281-849-1592x29532,2024-11-01,Lake Stacy
811,Rose,Delgado,andrea79@woods-cole.com,985.142.5167,2022-05-08,Sarahville
812,Michelle,Deleon,lraymond@meyer.com,(905)516-5570,2022-10-10,Craigside
813,Jeffrey,Rivera,jamestaylor@gardner-torres.com,(500)135-5583,2023-02-17,Lake Crystalborough
814,Deanna,Garcia,harry99@williams.org,538.675.7300x18896,2024-05-07,West Jessefurt
815,Michael,Morris,odommichael@richardson.com,(391)153-3772x41565,2022-07-26,North Charles
816,Maria,Munoz,zunigamary@johnson.com,+1-126-851-0521x8541,2023-01-19,Castilloberg
817,Richard,Cobb,christie37@clark.biz,809-027-0081,2023-02-08,North Melissa
818,Amanda,Mack,cgates@moody.com,+1-532-434-6185x92543,2024-06-11,Clarkshire
819,Sharon,Jennings,arthurelliott@sheppard-taylor.biz,(172)448-1490x1834,2023-01-26,Serranoburgh
820,Michelle,Miller,james32@yahoo.com,828.932.5592,2022-06-18,Monicaborough
821,Luis,Clark,dhall@hotmail.com,887.297.8980x10366,2023-09-10,Youngmouth
822,Holly,Hunt,andrewrodriguez@yahoo.com,001-515-780-9446x19418,2022-05-20,East Ashley
823,Traci,Stewart,megan46@park.com,515-496-4510x0585,2024-11-26,West Raymondberg
824,Jonathan,Wright,nguyenmolly@gmail.com,494.553.3796x826,2024-09-10,South Amanda
825,Kathleen,Lopez,braymond@richardson.biz,690-171-8785x55968,2021-12-29,Robinsontown
826,Tiffany,Marks,mcdaniellori@hotmail.com,001-655-086-2303x8810,2023-02-06,South Beth
827,Tracy,Murphy,qwong@gmail.com,(564)897-8522x24365,2023-03-10,Audreyshire
828,Cheryl,Smith,riveramelissa@walls.biz,(519)070-6204,2022-08-21,Stephaniehaven
829,Michael,Ball,michelle59@gmail.com,8447729108,2023-07-27,Alexberg
830,Hailey,Hood,fhoffman@gmail.com,001-957-275-9064x92705,2024-08-04,Schneidertown
831,Mark,Patton,griffinmolly@gmail.com,1418794463,2023-04-08,Port Dana
832,Angela,Smith,devin34@yahoo.com,649-334-0510x295,2022-04-22,North Michael
833,Lindsay,Hall,pmcdonald@vega.com,852.327.4238x22405,2023-12-09,East Brianstad
834,Jack,Wilson,arivera@campbell.com,001-116-214-7197,2023-08-04,Davidville
835,Daniel,Hoover,briandavila@gregory.biz,(685)519-8398x9761,2024-02-14,North Charlotteborough
836,Kim,Davidson,samantha10@hotmail.com,001-029-895-6282x12006,2022-12-02,Whitestad
837,Theodore,Richards,ewilson@hotmail.com,580-884-8116x36462,2023-06-12,West Kaitlyn
838,Stacey,King,ryanmerritt@pearson.org,(712)903-4116x340,2024-12-14,Jonesview
839,Albert,Johnson,richardsdorothy@hotmail.com,929-673-4632,2023-06-30,South Aprilton
840,Jason,Smith,aaron46@rodgers.org,+1-866-724-4093,2024-08-26,Sullivanchester
841,Cindy,Anthony,harrisjulie@carr-rogers.com,001-267-615-7615x7311,2024-02-07,Watsonville
842,Cheryl,Williams,wagnerjose@patterson.com,001-250-002-1681x373,2022-04-04,Caseystad
843,Steven,Williams,tayloralexis@rosales-roberts.com,935-091-7447,2022-08-31,Juliahaven
844,Jared,Wilcox,gnewman@mckee.com,720.388.2434x279,2024-12-13,South Amy
845,Mary,Schneider,brewerethan@sampson.com,+1-039-325-7353,2023-03-16,South Bonnie
846,Eugene,Snyder,seth75@gmail.com,321-292-0082x582,2023-01-24,Jenniferport
847,Christopher,Patterson,andersonjames@martinez-george.com,3936969534,2024-12-16,Marshallport
848,Brian,Ramirez,mary78@hotmail.com,121.234.1319,2023-08-29,Gonzalezport
849,Jasmine,Ramirez,matthew36@hotmail.com,(136)319-5976x7135,2022-11-04,North Sylvia
850,Amanda,Williams,robertelliott@gmail.com,(359)087-9176,2023-08-30,East Tracy
851,Karen,Daniels,wvalenzuela@hall.info,5005617120,2023-10-17,New Bryan
852,Michael,Robbins,ricekyle@hotmail.com,+1-576-186-8255x05285,2022-08-01,Mirandaberg
853,Joshua,Pearson,andreramirez@gmail.com,(590)691-9152x178,2023-12-25,Jessicaburgh
854,Michael,Horton,gsmith@huerta.net,019.537.8752x457,2024-11-01,Port Natalie
855,Zachary,Jenkins,wilsonelizabeth@hotmail.com,001-412-482-1129x7394,2024-08-24,Port Stephen
856,Joseph,Carey,sandramartinez@thompson-berry.com,075-576-4665x13926,2024-01-03,New Jaredberg
857,Joshua,Sharp,john53@gmail.com,202.342.8367x48874,2023-10-05,Ashleychester
858,Brenda,Cantrell,shannonmitchell@murray.com,+1-342-904-8846,2022-12-01,West Markbury
859,Nicholas,Woods,johnsondaniel@jacobs-watson.com,+1-955-375-7914x335,2023-03-10,Osbornechester
860,Michael,Hendricks,ehowe@santana.com,(956)015-0047x3222,2022-12-15,Biancafort
861,Calvin,Page,saraheverett@hodges.com,+1-914-498-1893x3032,2023-10-05,Mauricetown
862,Alisha,Chambers,ghayes@combs-stewart.net,001-516-378-0692x6870,2023-05-25,Michellemouth
863,Danielle,Perkins,katherinebrown@hotmail.com,251.441.8387,2024-12-02,Walkershire
864,Dustin,Davis,anne32@costa.com,(344)158-7113x982,2023-04-10,Justinside
865,Charlotte,Mckinney,jasonfuller@gmail.com,+1-762-285-4918x13084,2023-09-19,North Juliemouth
866,Gabrielle,Nguyen,lawrenceruben@acosta-logan.com,283-107-4588x2443,2022-08-03,Harringtonborough
867,Jeffrey,Arroyo,lcruz@hotmail.com,295-868-0532x66474,2022-04-10,Johnsonshire
868,Nancy,Weber,tjordan@ford.biz,418.330.5454,2022-01-08,Beckershire
869,Rodney,Maldonado,uwilcox@hughes.info,072.937.9602x82958,2023-02-01,North Susan
870,Charles,Ochoa,billmiddleton@gmail.com,(584)279-4167,2023-12-05,Lake Theresa
871,Edward,Garcia,angela79@miller-carrillo.com,(137)807-1688,2022-03-04,South Douglas
872,Lisa,Sellers,josephjackson@yahoo.com,212-688-5765x261,2023-03-19,Dunnmouth
873,Stacy,Meyer,jamesking@gmail.com,001-605-223-4179x03873,2024-08-27,Kyleport
874,Justin,Jones,leecarol@gmail.com,(193)920-8858x859,2022-02-07,Crystalland
875,Andrew,Thomas,wadesandra@yahoo.com,053.896.1975x037,2022-08-25,North David
876,Jennifer,Harrell,anna02@allen-lopez.com,352-464-1272,2022-09-16,Mcgeeport
877,Toni,Franklin,fkramer@hotmail.com,+1-713-749-3036x774,2023-09-10,East Jeremyhaven
878,Angela,Day,brendachambers@miller-norris.biz,865.723.2373x3964,2024-12-11,Hilltown
879,Lisa,Scott,susanwagner@lambert.com,1119505254,2024-01-09,Birdville
880,Pam,Ramirez,boylebobby@hotmail.com,(153)680-8988x684,2022-02-18,Smithburgh
881,Rachel,Weeks,phillip16@yahoo.com,001-928-012-0239,2024-11-28,Evanborough
882,James,Diaz,uhoffman@yahoo.com,278-960-7609x319,2022-05-07,New Jennifer
883,Christina,Smith,megan07@gmail.com,739-151-9234x69563,2022-08-30,Heatherton
884,Linda,Michael,william02@yahoo.com,200-650-4087,2023-12-08,Westside
885,Gary,Bradley,hponce@reyes-duncan.com,(704)191-9707,2023-03-21,New Keithburgh
886,Alexa,Pope,knightbrandon@smith.com,+1-487-047-6704x65711,2024-08-22,Calderonton
887,Luke,Sanchez,nathandavis@gmail.com,001-614-714-0351x14872,2022-08-07,West James
888,Kelsey,Williams,lisa71@yahoo.com,(392)824-5882x729,2022-07-14,New Ashleyland
889,Joseph,Miller,kimsharon@hotmail.com,001-862-147-6243x362,2022-05-08,West Sharonborough
890,Kathy,Peck,barkerdanielle@yahoo.com,044.196.7215x69097,2022-08-24,North Greggberg
891,Diane,Jordan,flemingtracey@yahoo.com,3761781254,2024-08-04,Harveyburgh
892,Walter,Contreras,lliu@reyes-collins.net,(598)764-9653,2022-12-05,Russellbury
893,Edwin,Mcconnell,bianca41@yahoo.com,2656726742,2023-04-20,North Steven
894,Cynthia,Mills,leerichard@merritt-park.com,001-406-222-6233x22182,2022-11-02,North Heatherborough
895,Kayla,Contreras,kelseyhansen@yahoo.com,001-993-114-6844x41546,2022-06-25,North Ashleybury
896,Travis,Wilson,zharrington@powell-dean.info,+1-444-129-9535x41662,2022-12-05,East Julie
897,Rebecca,Russell,monicasantana@gmail.com,896-800-2833x53518,2022-01-03,Pricefort
898,Dennis,Lyons,shall@fields.com,586-011-2745x38546,2023-08-27,West Randy
899,Michael,Terrell,davidvasquez@hotmail.com,+1-791-741-4647x01428,2024-03-17,Fullerstad
900,Tracie,Medina,stacy60@gonzalez.com,138-938-0012,2022-12-05,North Joshuaborough
901,Lisa,Rodriguez,carloscollins@hotmail.com,(843)596-4902x84813,2023-11-05,East Troy
902,Scott,Campbell,schneidersamantha@stout-ferrell.info,834.734.4417,2022-10-17,Donaldland
903,Patricia,Archer,jpace@wright.net,201.528.5794x9287,2021-12-24,Angelaport
904,Elizabeth,Sullivan,nicoleperez@hotmail.com,224-764-1910x24992,2023-05-29,Paulchester
905,Patrick,Bennett,amber83@yahoo.com,+1-041-603-5732x176,2024-07-18,Karentown
906,Edward,Barr,mark88@hotmail.com,001-216-348-9660,2024-12-06,South Marioborough
907,Matthew,Williams,owenstony@smith.com,216.197.0845,2022-08-18,Sweeneytown
908,Timothy,Beck,lharding@wright.info,375-509-2103x968,2022-09-20,Smallmouth
909,Jenny,Diaz,martinezbrian@rodriguez-lee.com,+1-306-402-6822,2022-05-31,Fieldston
910,David,Gomez,johnsonbrooke@hotmail.com,(606)187-4434x496,2023-09-08,Toddshire
911,Erin,Hall,christopher48@king.com,+1-033-873-9105x377,2022-05-02,Veronicaberg
912,Tara,Cuevas,caseyhernandez@thomas-cooper.com,3643813762,2023-10-23,Elizabethburgh
913,Carl,Roberts,dan70@gmail.com,(596)221-8336,2024-09-22,South Shelby
914,Sabrina,Lara,ywall@davis.biz,082.684.2645,2024-06-18,South Curtis
915,Sherry,Campbell,brandonharrington@mayer.com,321.024.2170,2022-10-25,New Lindachester
916,Leslie,Smith,johnslaurie@simon.com,+1-982-328-3682,2024-06-04,Torreston
917,Stephanie,Foster,zavalatina@ramirez-gomez.com,1319974852,2024-07-29,West Danielle
918,Sydney,Jensen,suzanne10@gmail.com,444.143.1829,2023-11-30,South Justin
919,Gina,Christensen,elizabethdavis@savage.biz,121.963.9935x8207,2024-05-26,South Rubenmouth
920,Joshua,Hoover,mooreelizabeth@martinez.com,847-617-6615x2357,2022-12-14,Tarafort
921,Debra,Carroll,morriscindy@gmail.com,001-322-974-7077,2024-02-03,Mosleystad
922,Jeremy,Crosby,clairebarber@yahoo.com,(250)776-6268,2022-02-10,Johnton
923,Jessica,Robinson,deckerelizabeth@hotmail.com,+1-354-854-0962x600,2024-10-16,Crystalborough
924,Kevin,Torres,bushjerry@hotmail.com,066-127-9108,2024-11-07,Scottbury
925,Nicolas,Parker,fwright@hotmail.com,(771)239-9938,2022-11-07,Wolfburgh
926,Hannah,Perez,bruce84@cardenas-hughes.com,705-080-6429x62219,2024-11-28,Fitzpatrickport
927,Patricia,Grimes,plynch@delacruz.com,001-547-773-5732x91066,2024-03-14,North Markstad
928,Cynthia,Carey,rickyjones@hotmail.com,+1-569-882-8180x33715,2023-06-17,Robertstad
929,Betty,Hughes,ericbowman@hill.org,9966111643,2023-02-27,Cynthiaton
930,Alyssa,Erickson,jacobcasey@caldwell.com,1501173875,2022-05-17,Jonesborough
931,James,Nichols,scottmitchell@hansen.com,669.998.3153x872,2023-05-17,Michellefurt
932,Kimberly,Wolfe,lauraschmidt@hotmail.com,001-480-126-2166x9502,2024-06-10,Simmonsborough
933,Sharon,Gibson,rflores@gmail.com,453.628.2774x15363,2022-01-31,Lake Stacy
934,Daniel,Oliver,lukewise@mueller.biz,378-316-2607,2024-10-02,Lake Eric
935,Richard,Ponce,javierbenson@moore-smith.com,(245)851-5396x6693,2023-01-21,Calvinmouth
936,Linda,Moses,steve57@hotmail.com,+1-674-440-2491,2024-09-24,Judyberg
937,Joy,Mckenzie,zpearson@gmail.com,(420)142-0424,2023-07-15,Patriciaport
938,Nathaniel,Castillo,james53@brown.org,044-012-9302x60854,2022-04-04,South Tami
939,Amy,Brown,justin66@gmail.com,+1-981-002-6610x8867,2023-12-19,East Jacqueline
940,Jennifer,Salas,cameron49@hotmail.com,(717)861-7028x43626,2023-11-20,North Kristinfort
941,Brandon,Waters,qmontes@yahoo.com,4406221762,2022-08-20,Port Joshua
942,Joseph,Crawford,cookjoseph@byrd-garcia.org,851-114-2759x202,2024-12-02,New Mistyshire
943,Ashley,Walker,dpadilla@cox.com,468-025-3931x28311,2022-01-18,North Donna
944,Jeffrey,Gardner,ericamitchell@case.com,(698)180-9119x7493,2022-07-28,South Valerie
945,Todd,Johnson,nancytucker@yahoo.com,+1-667-520-0483x9291,2023-12-20,South Collin
946,Matthew,Cannon,robertsonlori@gmail.com,(282)400-3800x565,2022-06-12,New Christineview
947,Mary,Ward,cheryl63@hotmail.com,(960)260-1210x9696,2024-08-20,Josephton
948,Amber,Lopez,christina73@yahoo.com,6924406310,2024-11-24,Garciaside
949,Robert,Rhodes,pedrojones@mcguire.com,600-895-0866,2022-06-15,New Nicolefurt
950,Stephanie,Perry,zkelly@jones.com,697-857-2124x072,2024-08-24,Singhfurt
951,Craig,Hale,kwilliams@yahoo.com,001-309-723-6819,2023-10-04,Portermouth
952,Shawn,Duran,michael25@yahoo.com,(332)251-3675,2023-02-15,New Dillon
953,Amy,Garrison,atkinsonlinda@campbell.com,996-792-3094,2024-09-13,Garyshire
954,Rebecca,Carter,ryanjackson@yahoo.com,001-669-134-8074,2022-02-17,Martinezshire
955,Victor,Kim,ynolan@vincent.com,+1-760-425-7287,2021-12-31,Lake Branditown
956,Alexis,Horton,michaelgallagher@hotmail.com,+1-627-039-8337x4869,2023-05-24,New Jillstad
957,Nancy,Brown,kvelazquez@martin.org,6149101438,2023-10-14,Richardland
958,Donna,Woods,desireeescobar@ramirez.com,2589509241,2024-09-26,Port Clintonfort
959,Bianca,Mcintyre,elizabeth96@gmail.com,001-917-287-6910x99848,2023-03-29,Jacksonport
960,Cassie,Hendrix,hunter94@yahoo.com,550.919.5342x4573,2024-05-23,Barberburgh
961,Dawn,Peck,colleen11@hotmail.com,(294)561-8544,2021-12-25,North Christina
962,Ryan,Harris,justinwarner@hotmail.com,001-013-211-8610x590,2022-09-27,North Christine
963,Michael,Jenkins,humphreytimothy@saunders-wilson.net,890-500-2800,2023-04-25,Marytown
964,Terrence,Perez,aking@ward.org,(648)588-2137x7142,2023-06-26,Gibsonton
965,Gary,Lambert,pthompson@hotmail.com,+1-964-040-2018x331,2024-07-26,Mcdonaldfurt
966,Mary,Boyer,fberger@hotmail.com,106-471-0374x67792,2023-10-19,Haynesville
967,Stacey,Smith,skinnerjoshua@simmons.com,901.762.7341x35100,2023-09-11,Hughesberg
968,Angela,Anderson,jerrystewart@willis.com,718-841-4373x439,2024-03-01,Gutierrezside
969,David,Richmond,christianwood@hotmail.com,+1-020-283-2166x27801,2024-05-19,Port Prestonmouth
970,Lisa,Benjamin,stephengarcia@rivera.com,(355)560-7775x618,2022-12-29,West Laura
971,Stephanie,Schneider,amandalara@cooley-jefferson.com,404.701.3495,2023-01-03,Walkerberg
972,Steven,Lopez,hannahwhite@avila.com,001-624-870-9761x874,2024-11-21,West Brentstad
973,Kathleen,Wall,nicole93@hotmail.com,(998)403-1562x1344,2022-01-02,New Dominique
974,Christine,Gibson,nicholassoto@jones.com,908.334.9681,2023-11-30,Elizabethside
975,Matthew,Jacobson,sethrose@hotmail.com,+1-713-898-8622x580,2022-06-25,South Rogertown
976,Anthony,Hart,gallagherregina@yahoo.com,+1-635-514-7503x035,2022-11-10,South Zacharyport
977,Alicia,Ray,hansenjustin@gmail.com,391.194.6630,2023-06-23,East Gregory
978,Jessica,Stone,meredith10@elliott-henderson.com,901-823-6308,2024-02-05,Ryanborough
979,Mark,Flores,thaney@jenkins.com,+1-251-126-6563,2024-03-11,Thomasburgh
980,James,Bishop,jonesmiguel@hobbs-stafford.biz,(514)740-4056x961,2024-11-20,East Elizabethport
981,John,Adams,wendy29@hotmail.com,397-834-4975x315,2023-09-30,Lake Laura
982,Andre,Moore,andrew34@yahoo.com,001-239-375-6163x902,2023-03-08,Reedside
983,Vanessa,Nelson,scottgary@gmail.com,(177)840-7664x68428,2024-02-15,New Karenville
984,Logan,Ramos,sharoncarroll@king-anderson.com,+1-353-731-3520x4121,2024-01-02,Johnsonland
985,David,Brown,nicholaswhite@benton-ortega.com,+1-265-260-3054x649,2023-06-01,Port Michaelstad
986,Brian,Anderson,halldavid@ryan.com,001-206-048-2542,2022-01-18,Timothyton
987,Andrea,Hall,griffinkristin@yahoo.com,5184413285,2024-10-21,New Ann
988,Brian,Jenkins,jonathan92@yahoo.com,047-060-8234x74343,2023-05-18,Crystalberg
989,Margaret,Johnson,atkinskevin@yahoo.com,+1-496-394-7569x24546,2022-09-11,Port Tracey
990,Amanda,Hardin,allenkristin@yahoo.com,+1-519-549-5641x444,2024-03-18,Markshire
991,Angela,Richards,ryanmorse@gillespie.org,737-260-5882x45816,2023-08-17,Brittanymouth
992,Martha,Barker,griffithjodi@miller.com,962-185-5477,2024-09-16,Collinsport
993,Dylan,Melendez,nicole02@cooper-lloyd.biz,875.173.3819x373,2023-12-16,Nielsenmouth
994,Jason,Wheeler,aimeeromero@wagner.biz,+1-934-227-5750,2024-04-01,Davidfort
995,Sara,Bailey,chad27@lewis-larson.com,021.666.0240,2023-06-21,Millerstad
996,Jeffrey,Flowers,howardrebecca@hotmail.com,001-768-041-6171,2023-01-10,North Dianaburgh
997,Lindsey,Thomas,matthewlynn@hotmail.com,752.167.9611,2024-03-01,Hoffmanburgh
998,Pedro,Martinez,stanleywarren@gmail.com,001-965-558-3542,2022-05-12,Ashleyport
999,Amy,Harmon,lorifaulkner@reeves.com,344.797.9173x134,2023-12-18,South Rachel
1000,Cynthia,Mora,thompsonlisa@hotmail.com,+1-244-855-2996x20315,2024-07-19,West Angelaville
